ente_federativo;nome_pdf_pk;perc_cotas_negras;perc_cotas_indigenas;perc_cotas_pcd;vagas_totais;valor_total;is_novo;tipo_ente
ACRE;ACRE_BOLSA_112024.pdf;0.26;0.12;0.12;42;696000.0;False;ESTADO
ACRE;ACRE_CULTURAVIVA_012025.pdf;0.2857;0.1429;0.1429;42;1470000.0;False;ESTADO
ACRE;ACRE_CULTURAVIVA_122024.pdf;0.1667;0.1667;0.1667;30;1672276.38;False;ESTADO
ACRE;ACRE_CULTURAVIVA_132024.pdf;;;;1;418069.1;False;ESTADO
ACRE;ACRE_FOMENTO_062024.pdf;0.25;0.18;0.18;122;4100000.0;False;ESTADO
ACRE;ACRE_FOMENTO_072024.pdf;0.278;0.111;0.056;18;300000.0;False;ESTADO
ACRE;ACRE_FOMENTO_082024.pdf;0.5;;;10;200000.0;False;ESTADO
ACRE;ACRE_FOMENTO_092024.pdf;0.307;0.1538;0.0769;13;2500000.0;False;ESTADO
ACRE;ACRE_PRÊMIO_142024.pdf;0.2;0.2;0.2;60;900000.0;False;ESTADO
ACRE;ACRE_PRÊMIO_152024.pdf;;;0.15;80;1200000.0;False;ESTADO
ACRE;ACRE_SUBSÍDIO_102024.pdf;0.2623;0.1475;0.1148;61;1098000.0;False;ESTADO
ALAGOAS;ALAGOAS_CULTURAVIVA_012025.pdf;0.25;0.0833;0.0417;24;2616000.0;False;ESTADO
ALAGOAS;ALAGOAS_CULTURAVIVA_022025.pdf;;;;2;653000.0;False;ESTADO
ALAGOAS;ALAGOAS_FOMENTO_072024.pdf;0.2564;0.0769;0.0513;39;900000.0;False;ESTADO
ALAGOAS;ALAGOAS_FOMENTO_082024.pdf;0.25;0.125;0.125;16;1100000.0;False;ESTADO
ALAGOAS;ALAGOAS_FOMENTO_092024.pdf;0.2632;0.1053;0.0702;57;400000.0;False;ESTADO
ALAGOAS;ALAGOAS_FOMENTO_102024.pdf;0.2553;0.1176;0.0588;17;200000.0;False;ESTADO
ALAGOAS;ALAGOAS_FOMENTO_112024.pdf;0.2143;0.0714;0.0714;14;200000.0;False;ESTADO
ALAGOAS;ALAGOAS_FOMENTO_122024.pdf;0.2564;0.1026;0.0769;39;900000.0;False;ESTADO
ALAGOAS;ALAGOAS_FOMENTO_132024.pdf;0.25;0.1;0.075;40;200000.0;False;ESTADO
ALAGOAS;ALAGOAS_FOMENTO_152024.pdf;0.28;0.125;0.1;50;900000.0;False;ESTADO
ALAGOAS;ALAGOAS_FOMENTO_172024.pdf;0.241;0.1084;0.0602;83;1398000.0;False;ESTADO
ALAGOAS;ALAGOAS_FOMENTO_182024.pdf;0.2571;0.1;0.0714;70;1010000.0;False;ESTADO
ALAGOAS;ALAGOAS_FOMENTO_192024.pdf;0.253;0.0964;0.0602;83;1780000.0;False;ESTADO
ALAGOAS;ALAGOAS_FOMENTO_202024.pdf;0.2667;0.1;0.0667;90;1800000.0;False;ESTADO
ALAGOAS;ALAGOAS_FOMENTO_212024.pdf;0.241;0.1084;0.0964;83;1039700.0;False;ESTADO
ALAGOAS;ALAGOAS_FOMENTO_232024.pdf;0.2407;0.0926;0.0556;54;2000000.0;False;ESTADO
ALAGOAS;ALAGOAS_FOMENTO_242024.pdf;0.2485;0.097;0.0424;165;2300000.0;False;ESTADO
ALAGOAS;ALAGOAS_FOMENTO_252024.pdf;0.2545;0.0909;0.0545;55;1000000.0;False;ESTADO
ALAGOAS;ALAGOAS_FOMENTO_262024.pdf;0.2353;0.0882;0.0588;34;1000000.0;False;ESTADO
ALAGOAS;ALAGOAS_FOMENTO_272024.pdf;0.2535;0.0986;0.0423;71;1200000.0;False;ESTADO
ALAGOAS;ALAGOAS_PRÊMIO_062024.pdf;0.26;0.1;0.06;50;300000.0;False;ESTADO
ALAGOAS;ALAGOAS_PRÊMIO_162024.pdf;0.25;0.1;0.05;20;300000.0;False;ESTADO
ALAGOAS;ALAGOAS_PRÊMIO_222024.pdf;0.3077;0.1538;0.0769;52;260000.0;False;ESTADO
ALAGOAS;ALAGOAS_SUBSÍDIO_302024.pdf;0.25;0.1;0.05;60;2160000.0;False;ESTADO
AMAPÁ;AMAPÁ_CULTURAVIVA_062024.pdf;0.25;0.1;0.05;22;2116800.0;False;ESTADO
AMAPÁ;AMAPÁ_FOMENTO_012024.pdf;0.2571;0.1143;0.0857;35;2400000.0;False;ESTADO
AMAPÁ;AMAPÁ_FOMENTO_022024.pdf;0.25;0.1;0.05;35;1050000.0;False;ESTADO
AMAPÁ;AMAPÁ_FOMENTO_032024.pdf;0.25;0.1;0.05;410;8200000.0;False;ESTADO
AMAPÁ;AMAPÁ_FOMENTO_042024.pdf;0.25;0.1;0.05;20;400000.0;False;ESTADO
AMAPÁ;AMAPÁ_SUBSÍDIO_052024.pdf;0.25;0.1;0.05;210;2100000.0;False;ESTADO
AMAZONAS;AMAZONAS_FOMENTO_022024.pdf;0.25;0.25;0.05;52;2000000.0;False;ESTADO
AMAZONAS;AMAZONAS_FOMENTO_032024.pdf;0.25;0.25;0.05;44;2000000.0;False;ESTADO
AMAZONAS;AMAZONAS_FOMENTO_042024.pdf;0.25;0.25;0.05;32;2000000.0;False;ESTADO
AMAZONAS;AMAZONAS_FOMENTO_052024.pdf;0.1905;0.1905;0.1667;42;2000000.0;False;ESTADO
AMAZONAS;AMAZONAS_FOMENTO_062024.pdf;0.25;0.25;0.05;30;2000000.0;False;ESTADO
AMAZONAS;AMAZONAS_FOMENTO_072024.pdf;0.25;0.25;0.05;42;2000000.0;False;ESTADO
AMAZONAS;AMAZONAS_FOMENTO_082024.pdf;0.25;0.25;0.05;30;1485000.0;False;ESTADO
AMAZONAS;AMAZONAS_FOMENTO_092024.pdf;0.25;0.25;0.05;38;2000000.0;False;ESTADO
AMAZONAS;AMAZONAS_FOMENTO_102024.pdf;;;0.25;44;1413000.0;False;ESTADO
AMAZONAS;AMAZONAS_FOMENTO_112024.pdf;;;0.05;40;1413000.0;False;ESTADO
AMAZONAS;AMAZONAS_FOMENTO_122024.pdf;0.25;0.25;0.05;40;1500000.0;False;ESTADO
AMAZONAS;AMAZONAS_FOMENTO_132024.pdf;0.25;0.25;0.05;106;6500000.0;False;ESTADO
BAHIA;BAHIA_BOLSA_242024.pdf;0.5;0.1;0.05;20;1200000.0;False;ESTADO
BAHIA;BAHIA_CULTURAVIVA_252024.pdf;0.5;;0.05;66;1980000.0;False;ESTADO
BAHIA;BAHIA_CULTURAVIVA_262024.pdf;0.5;0.1;0.05;74;4220000.0;False;ESTADO
BAHIA;BAHIA_CULTURAVIVA_272024.pdf;0.5;0.1;0.05;48;3840000.0;False;ESTADO
BAHIA;BAHIA_CULTURAVIVA_282024.pdf;0.5;0.1;0.05;27;1080000.0;False;ESTADO
BAHIA;BAHIA_CULTURAVIVA_292024.pdf;0.5;0.1;0.05;7;2100000.0;False;ESTADO
BAHIA;BAHIA_FOMENTO_052024.pdf;0.5;0.1;0.05;113;7250000.0;False;ESTADO
BAHIA;BAHIA_FOMENTO_062024.pdf;0.5;0.1;0.05;36;840000.0;False;ESTADO
BAHIA;BAHIA_FOMENTO_072024.pdf;0.5;0.1;0.05;12;780000.0;False;ESTADO
BAHIA;BAHIA_FOMENTO_082024.pdf;0.5;0.1;0.05;29;6900000.0;False;ESTADO
BAHIA;BAHIA_FOMENTO_092024.pdf;0.5;0.1;0.05;75;7200000.0;False;ESTADO
BAHIA;BAHIA_FOMENTO_102024.pdf;0.5;0.1;;12;3000000.0;False;ESTADO
BAHIA;BAHIA_FOMENTO_112024.pdf;0.5;0.1;;10;500000.0;False;ESTADO
BAHIA;BAHIA_FOMENTO_122024.pdf;0.5;0.1;0.05;21;1050000.0;False;ESTADO
BAHIA;BAHIA_FOMENTO_132024.pdf;0.5;0.1;;8;1200000.0;False;ESTADO
BAHIA;BAHIA_FOMENTO_142024.pdf;0.5;0.1;;5;1250000.0;False;ESTADO
BAHIA;BAHIA_FOMENTO_152024.pdf;0.5;0.1;;40;1700000.0;False;ESTADO
BAHIA;BAHIA_FOMENTO_162024.pdf;0.5;0.1;0.05;43;5150000.0;False;ESTADO
BAHIA;BAHIA_FOMENTO_172024.pdf;0.5;0.1;0.05;20;900000.0;False;ESTADO
BAHIA;BAHIA_FOMENTO_182024.pdf;0.5;0.1;0.05;35;1750000.0;False;ESTADO
BAHIA;BAHIA_FOMENTO_192024.pdf;0.5;0.1;0.05;33;1000000.0;False;ESTADO
BAHIA;BAHIA_FOMENTO_202024.pdf;0.5;0.1;0.05;12;3000000.0;False;ESTADO
BAHIA;BAHIA_PRÊMIO_012024.pdf;0.5;0.1;0.05;30;900000.0;False;ESTADO
BAHIA;BAHIA_PRÊMIO_022024.pdf;0.5;0.1;0.05;16;160000.0;False;ESTADO
BAHIA;BAHIA_PRÊMIO_032024.pdf;0.5;0.1;0.05;28;840000.0;False;ESTADO
BAHIA;BAHIA_PRÊMIO_042024.pdf;0.5;0.1071;0.0476;84;2520000.0;False;ESTADO
BAHIA;BAHIA_SUBSÍDIO_212024.pdf;0.5;0.1;0.05;20;1000000.0;False;ESTADO
BAHIA;BAHIA_SUBSÍDIO_222024.pdf;;;0.0465;86;4300000.0;False;ESTADO
BAHIA;BAHIA_SUBSÍDIO_232024.pdf;;0.1132;0.0566;53;4200000.0;False;ESTADO
CEARÁ;CEARÁ_CULTURAVIVA_07.pdf;0.25;0.1;0.1;28;1020000.0;False;ESTADO
CEARÁ;CEARÁ_CULTURAVIVA_09.pdf;0.25;0.1;0.1;38;4560000.0;False;ESTADO
CEARÁ;CEARÁ_CULTURAVIVA_10.pdf;0.25;0.1;0.1;3;1500000.0;False;ESTADO
CEARÁ;CEARÁ_CULTURAVIVA_11.pdf;0.25;0.1;0.1;20;1000000.0;False;ESTADO
CEARÁ;CEARÁ_FOMENTO_01.pdf;0.25;0.1;0.1;20;2000000.0;False;ESTADO
CEARÁ;CEARÁ_FOMENTO_02.pdf;0.25;0.1;0.1;410;15000000.0;False;ESTADO
CEARÁ;CEARÁ_FOMENTO_03.pdf;0.25;0.1;0.1;13;15000000.0;False;ESTADO
CEARÁ;CEARÁ_FOMENTO_04.pdf;0.25;0.1;0.1;114;15900000.0;False;ESTADO
CEARÁ;CEARÁ_FOMENTO_12.pdf;0.25;0.1;0.1;30;2000000.0;False;ESTADO
CEARÁ;CEARÁ_FOMENTO_13.pdf;0.25;0.1;0.1;26;2691000.0;False;ESTADO
CEARÁ;CEARÁ_FOMENTO_14.pdf;0.25;0.1;0.1;20;2400000.0;False;ESTADO
CEARÁ;CEARÁ_FOMENTO_15.pdf;0.25;0.1;0.1;50;3000000.0;False;ESTADO
CEARÁ;CEARÁ_FOMENTO_16.pdf;0.25;0.1;0.1;16;2500000.0;False;ESTADO
CEARÁ;CEARÁ_FOMENTO_17.pdf;0.25;0.1;0.1;40;14988000.0;False;ESTADO
CEARÁ;CEARÁ_PRÊMIO_05.pdf;;;;98;3000000.0;False;ESTADO
CEARÁ;CEARÁ_PRÊMIO_06.pdf;0.25;0.1;0.1;20;1000000.0;False;ESTADO
CEARÁ;CEARÁ_QUALIFICAÇÃO_08.pdf;;;;40;;False;ESTADO
CEARÁ;CEARÁ_QUALIFICAÇÃO_18.pdf;;;;184;;False;ESTADO
DISTRITO FEDERAL;DF_CULTURAVIVA_462024.pdf;0.25;0.1;0.05;20;2000000.0;False;ESTADO
DISTRITO FEDERAL;DF_CULTURAVIVA_482024.pdf;0.25;0.1;0.05;3;900000.0;False;ESTADO
DISTRITO FEDERAL;DF_CULTURAVIVA_492024.pdf;0.2683;0.0976;0.0488;82;3150000.0;False;ESTADO
DISTRITO FEDERAL;DF_FOMENTO_512024.pdf;0.2466;0.1507;0.1644;73;24456206.84;False;ESTADO
ESPÍRITO SANTO;ES_CULTURAVIVA_052024.pdf;0.25;0.1;0.05;50;2100000.0;False;ESTADO
ESPÍRITO SANTO;ES_CULTURAVIVA_062024.pdf;0.25;0.25;;4;1200000.0;False;ESTADO
ESPÍRITO SANTO;ES_CULTURAVIVA_072024.pdf;0.25;0.1;;4;480000.0;False;ESTADO
ESPÍRITO SANTO;ES_FOMENTO_022024.pdf;0.25;0.1;0.05;20;800000.0;False;ESTADO
ESPÍRITO SANTO;ES_FOMENTO_032024.pdf;0.25;0.1;0.05;56;1120000.0;False;ESTADO
ESPÍRITO SANTO;ES_FOMENTO_042024.pdf;0.25;0.1;0.05;50;2100000.0;False;ESTADO
ESPÍRITO SANTO;ES_FOMENTO_042025.pdf;0.25;0.1;0.05;10;3200000.0;False;ESTADO
ESPÍRITO SANTO;ES_FOMENTO_052024.pdf;0.25;0.1;0.05;50;2500000.0;False;ESTADO
ESPÍRITO SANTO;ES_FOMENTO_062024.pdf;0.25;0.1;0.05;14;560000.0;False;ESTADO
ESPÍRITO SANTO;ES_FOMENTO_082024.pdf;0.25;0.1;0.05;33;1700000.0;False;ESTADO
ESPÍRITO SANTO;ES_FOMENTO_092024.pdf;0.25;0.1;0.05;26;1870000.0;False;ESTADO
ESPÍRITO SANTO;ES_FOMENTO_102024.pdf;0.25;0.1;0.05;57;3870000.0;False;ESTADO
ESPÍRITO SANTO;ES_FOMENTO_112024.pdf;0.25;0.1;0.05;47;1700000.0;False;ESTADO
ESPÍRITO SANTO;ES_FOMENTO_122024.pdf;0.25;0.1;0.05;25;1050000.0;False;ESTADO
ESPÍRITO SANTO;ES_FOMENTO_132024.pdf;0.25;0.1;0.05;20;880000.0;False;ESTADO
ESPÍRITO SANTO;ES_FOMENTO_142024.pdf;0.25;0.1;0.05;18;5600000.0;False;ESTADO
ESPÍRITO SANTO;ES_FOMENTO_152024.pdf;0.25;0.1;0.05;30;1300000.0;False;ESTADO
ESPÍRITO SANTO;ES_FOMENTO_172024.pdf;;;;10;1000000.0;False;ESTADO
ESPÍRITO SANTO;ES_FOMENTO_182024.pdf;0.25;0.1;0.05;5;400000.0;False;ESTADO
ESPÍRITO SANTO;ES_FOMENTO_192024.pdf;0.25;0.1;0.05;20;900000.0;False;ESTADO
ESPÍRITO SANTO;ES_PRÊMIO_072024.pdf;;;;10;800000.0;False;ESTADO
ESPÍRITO SANTO;ES_PRÊMIO_162024.pdf;;;;20;400000.0;False;ESTADO
ESPÍRITO SANTO;ES_SUBSÍDIO_032025.pdf;0.25;0.1;0.05;30;6000000.0;False;ESTADO
GOIÁS;GO_CULTURAVIVA_012025.pdf;0.3;0.1;0.1;50;1957000.0;False;ESTADO
GOIÁS;GO_CULTURAVIVA_182024.pdf;0.25;0.1;0.1;40;5400000.0;False;ESTADO
GOIÁS;GO_CULTURAVIVA_192024.pdf;0.25;0.1;0.1;2;907000.0;False;ESTADO
GOIÁS;GO_FOMENTO_012024.pdf;0.25;0.1;0.1;15;1000000.0;False;ESTADO
GOIÁS;GO_FOMENTO_022024.pdf;0.25;0.1;0.1;20;2500000.0;False;ESTADO
GOIÁS;GO_FOMENTO_032024.pdf;0.25;0.1;0.1;36;2500000.0;False;ESTADO
GOIÁS;GO_FOMENTO_042024.pdf;0.25;0.1;0.1;39;1000000.0;False;ESTADO
GOIÁS;GO_FOMENTO_052024.pdf;0.25;0.1;0.1;20;2000000.0;False;ESTADO
GOIÁS;GO_FOMENTO_062024.pdf;0.25;0.1;0.1;13;1000000.0;False;ESTADO
GOIÁS;GO_FOMENTO_072024.pdf;0.25;0.1;0.1;18;1000000.0;False;ESTADO
GOIÁS;GO_FOMENTO_082024.pdf;0.25;0.1;0.1;22;2000000.0;False;ESTADO
GOIÁS;GO_FOMENTO_092024.pdf;0.25;0.1;0.1;62;2000000.0;False;ESTADO
GOIÁS;GO_FOMENTO_102024.pdf;0.25;0.1;0.1;73;4000000.0;False;ESTADO
GOIÁS;GO_FOMENTO_112024.pdf;0.25;0.1;0.1;22;2000000.0;False;ESTADO
GOIÁS;GO_FOMENTO_122024.pdf;0.25;0.1;0.1;12;1500000.0;False;ESTADO
GOIÁS;GO_FOMENTO_132024.pdf;0.25;0.1;0.1;25;1000000.0;False;ESTADO
GOIÁS;GO_FOMENTO_142024.pdf;0.25;0.1;0.1;27;3500000.0;False;ESTADO
GOIÁS;GO_FOMENTO_162024.pdf;0.25;0.1;0.1;32;6050000.0;False;ESTADO
GOIÁS;GO_FOMENTO_172024.pdf;0.25;0.1;0.1;10;1000000.0;False;ESTADO
GOIÁS;GO_SUBSÍDIO_152024.pdf;0.2368;0.0789;0.0789;38;4950000.0;False;ESTADO
MARANHÃO;MA_CULTURAVIVA_022025.pdf;0.25;0.1;0.05;209;6450000.0;False;ESTADO
MARANHÃO;MA_FOMENTO_012025.pdf;0.2031;0.1042;;192;6300000.0;False;ESTADO
MARANHÃO;MA_FOMENTO_042025.pdf;0.25;0.1;0.05;30;5700000.0;False;ESTADO
MARANHÃO;MA_FOMENTO_052025.pdf;0.25;0.1;0.05;35;4900000.0;False;ESTADO
MARANHÃO;MA_PRÊMIO_032025.pdf;0.25;0.1;0.05;310;5700000.0;False;ESTADO
MATO GROSSO;MT_CULTURAVIVA_242024.pdf;0.25;0.1;0.05;23;2760000.0;False;ESTADO
MATO GROSSO;MT_CULTURAVIVA_252024.pdf;;;;1;488000.0;False;ESTADO
MATO GROSSO;MT_FOMENTO_132024.pdf;0.25;0.1;0.05;10;1000000.0;False;ESTADO
MATO GROSSO;MT_FOMENTO_152024.pdf;0.25;0.1;0.05;8;640000.0;False;ESTADO
MATO GROSSO;MT_FOMENTO_172024.pdf;0.25;0.1;0.05;53;4500000.0;False;ESTADO
MATO GROSSO;MT_FOMENTO_182024.pdf;0.21;0.1;0.05;100;7300000.0;False;ESTADO
MATO GROSSO;MT_FOMENTO_232024.pdf;0.25;0.1;0.05;23;1400000.0;False;ESTADO
MATO GROSSO;MT_PRÊMIO_162024.pdf;0.25;0.1;0.05;12;360000.0;False;ESTADO
MATO GROSSO DO SUL;MS_BOLSA_042025.pdf;0.25;0.1;0.05;32;600000.0;False;ESTADO
MATO GROSSO DO SUL;MS_CULTURAVIVA_162024.pdf;0.25;0.15;0.075;40;2428000.0;False;ESTADO
MATO GROSSO DO SUL;MS_CULTURAVIVA_172024.pdf;0.25;0.1;0.05;2;600000.0;False;ESTADO
MATO GROSSO DO SUL;MS_FOMENTO_012025.pdf;0.25;0.1;0.05;4;400000.0;False;ESTADO
MATO GROSSO DO SUL;MS_FOMENTO_052025.pdf;0.2;0.1;0.05;;1000000.0;False;ESTADO
MATO GROSSO DO SUL;MS_FOMENTO_062025.pdf;0.25;0.1;0.05;50;750000.0;False;ESTADO
MATO GROSSO DO SUL;MS_FOMENTO_072025.pdf;0.25;0.1;0.05;39;500000.0;False;ESTADO
MATO GROSSO DO SUL;MS_FOMENTO_082025.pdf;0.25;0.1;0.05;32;700000.0;False;ESTADO
MATO GROSSO DO SUL;MS_FOMENTO_092025.pdf;0.25;0.1;0.05;90;300000.0;False;ESTADO
MATO GROSSO DO SUL;MS_FOMENTO_102025.pdf;0.25;0.1;0.05;7;2100000.0;False;ESTADO
MATO GROSSO DO SUL;MS_FOMENTO_132024.pdf;0.25;0.1;0.05;40;400.0;False;ESTADO
MATO GROSSO DO SUL;MS_FOMENTO_142024.pdf;0.25;0.1;0.05;12;200000.0;False;ESTADO
MATO GROSSO DO SUL;MS_FOMENTO_152024.pdf;0.2;0.1;0.06;30;300000.0;False;ESTADO
MATO GROSSO DO SUL;MS_FOMENTO_182024.pdf;0.25;0.1;0.05;;600.0;False;ESTADO
MATO GROSSO DO SUL;MS_FOMENTO_192024.pdf;0.2;0.2;0.1667;30;300000.0;False;ESTADO
MATO GROSSO DO SUL;MS_FOMENTO_202024.pdf;0.07;0.01;0.05;100;650000.0;False;ESTADO
MATO GROSSO DO SUL;MS_FOMENTO_222024.pdf;0.25;0.1;0.05;;900.0;False;ESTADO
MATO GROSSO DO SUL;MS_FOMENTO_232024.pdf;0.07;0.07;1.0;30;300000.0;False;ESTADO
MATO GROSSO DO SUL;MS_FOMENTO_242024.pdf;0.25;0.1;0.05;20;1500000.0;False;ESTADO
MATO GROSSO DO SUL;MS_FOMENTO_252024.pdf;0.25;0.1;0.05;20;1000000.0;False;ESTADO
MATO GROSSO DO SUL;MS_FOMENTO_262024.pdf;0.25;0.1;0.05;18;1500.0;False;ESTADO
MATO GROSSO DO SUL;MS_FOMENTO_272024.pdf;0.25;0.1;0.05;14;1000000.0;False;ESTADO
MATO GROSSO DO SUL;MS_PRÊMIO_022025.pdf;0.25;0.1;;20;100000.0;False;ESTADO
MATO GROSSO DO SUL;MS_PRÊMIO_102024.pdf;;;;75;450000.0;False;ESTADO
MATO GROSSO DO SUL;MS_PRÊMIO_112024.pdf;0.2;0.1;0.05;20;300000.0;False;ESTADO
MATO GROSSO DO SUL;MS_PRÊMIO_112025.pdf;0.15;0.1;;20;100000.0;False;ESTADO
MINAS GERAIS;MG_BOLSA_122024.pdf;0.2564;0.1026;0.0513;117;2275000.0;False;ESTADO
MINAS GERAIS;MG_BOLSA_132024.pdf;;;;104;1462500.0;False;ESTADO
MINAS GERAIS;MG_CULTURAVIVA_032024.pdf;0.25;0.1;0.05;147;12600000.0;False;ESTADO
MINAS GERAIS;MG_CULTURAVIVA_042024.pdf;0.25;0.1;0.05;144;4320000.0;False;ESTADO
MINAS GERAIS;MG_FOMENTO_052024.pdf;0.2529;0.1034;0.0517;174;9700000.0;False;ESTADO
MINAS GERAIS;MG_FOMENTO_062024.pdf;;;;286;7150000.0;False;ESTADO
MINAS GERAIS;MG_FOMENTO_072024.pdf;;;;215;5340000.0;False;ESTADO
MINAS GERAIS;MG_FOMENTO_082024.pdf;;;;347;13262500.0;False;ESTADO
MINAS GERAIS;MG_FOMENTO_102024.pdf;;;;201;8820000.0;False;ESTADO
MINAS GERAIS;MG_FOMENTO_112024.pdf;0.2512;0.0985;0.0542;203;16400000.0;False;ESTADO
MINAS GERAIS;MG_PRÊMIO_022024.pdf;0.25;0.1;0.05;2114;39787500.0;False;ESTADO
MINAS GERAIS;MG_SUBSÍDIO_092024.pdf;;;;;8895000.0;False;ESTADO
PARANÁ;PARANÁ_CULTURA_VIVA_002.pdf;0.25;0.1;0.05;24;5825997.24;False;ESTADO
PARANÁ;PARANÁ_CULTURA_VIVA_004.pdf;0.25;0.1;0.05;38;5475586.34;False;ESTADO
PARANÁ;PARANÁ_CULTURA_VIVA_006.pdf;0.25;0.1;0.05;60;3300000.0;False;ESTADO
PARANÁ;PARANÁ_FOMENTO_001.pdf;0.25;0.1;0.05;;34050000.0;False;ESTADO
PARANÁ;PARANÁ_FOMENTO_0022.pdf;0.25;0.1;0.05;120;571428.56;False;ESTADO
PARANÁ;PARANÁ_FOMENTO_1233.pdf;0.25;0.1;0.05;;8750000.0;False;ESTADO
PARANÁ;PARANÁ_PREMIO_02.pdf;0.25;0.1;0.05;50;1500000.0;False;ESTADO
PARANÁ;PARANÁ_SUBISIDIO_008.pdf;0.25;0.1;0.05;16;3300000.0;False;ESTADO
PARANÁ;PARANÁ_SUBSÍDIO_X.pdf;0.4;0.1;0.05;4;1499999.84;False;ESTADO
PARAÍBA;PARAÍBA_CULTURA_VIVA_12.pdf;0.25;0.1;0.05;75;4250000.0;False;ESTADO
PARAÍBA;PARAÍBA_Edital_de_Bolsa_1.pdf;0.25;0.1;0.05;350;3500000.0;False;ESTADO
PARAÍBA;PARAÍBA_Edital_de_Premiação_1.pdf;0.25;0.1;0.05;35;1995000.0;False;ESTADO
PARAÍBA;PARAÍBA_Edital_de_Premiação_2.pdf;0.25;0.1;0.05;120;600000.0;False;ESTADO
PARAÍBA;PARAÍBA_Edital_de_Premiação_3.pdf;0.25;0.1;0.05;160;1000000.0;False;ESTADO
PARAÍBA;PARAÍBA_Edital_de_Premiação_4.pdf;0.25;0.1;0.05;240;2400000.0;False;ESTADO
PARAÍBA;PARAÍBA_Edital_de_Premiação_5.pdf;;;0.05;55;800000.0;False;ESTADO
PARAÍBA;PARAÍBA_Edital_de_Premiação_6.pdf;;;0.05;55;800000.0;False;ESTADO
PARAÍBA;PARAÍBA_Edital_de_Premiação_7.pdf;;;0.05;55;800000.0;False;ESTADO
PARAÍBA;PARAÍBA_Edital_de_Premiação_8.pdf;0.25;0.1;0.05;120;2400000.0;False;ESTADO
PARAÍBA;PARAÍBA_FOMENTO_ 0013.pdf;0.25;0.1;0.05;222;8500000.0;False;ESTADO
PARAÍBA;PARAÍBA_FOMENTO_014.pdf;0.25;0.1;0.05;90;1800000.0;False;ESTADO
PARAÍBA;PARAÍBA_operacionalizacao.pdf;;;;22;;False;ESTADO
PARAÍBA;PARAÍBA_PREMIAÇÃO CULTURAL_009.pdf;0.25;0.1;0.05;120;600000.0;False;ESTADO
PARAÍBA;PARAÍBA_PREMIAÇÃO_0018.pdf;0.25;0.1;0.05;131;1355000.0;False;ESTADO
PARAÍBA;PARAÍBA_PREMIAÇÃO_011.pdf;0.25;0.1;0.05;80;2400000.0;False;ESTADO
PARAÍBA;PARAÍBA_PREMIAÇÃO_10.pdf;0.25;0.1;0.05;120;2400000.0;False;ESTADO
PARÁ;PARÁ_CULTURA_VIVA_003.pdf;0.25;0.1;0.05;40;5000000.0;False;ESTADO
PARÁ;PARÁ_FOMENTO_002_2025.pdf;0.25;0.1;0.1;474;18487819.0;False;ESTADO
PARÁ;PARÁ_FOMENTO_004.pdf;0.25;0.1;0.1;252;4621949.37;False;ESTADO
PARÁ;PARÁ_FOMENTO_005.pdf;0.25;0.1;0.1;308;18487819.0;False;ESTADO
PARÁ;PARÁ_PREMIAÇÃO_006.pdf;0.25;0.1;0.05;183;5490000.0;False;ESTADO
PARÁ;PARÁ_PREMIAÇÃO_008_2025.pdf;0.25;0.1;0.05;200;4621954.74;False;ESTADO
PARÁ;PARÁ_SUBSÍDIO_007.pdf;0.25;0.1;0.05;30;2731708.8;False;ESTADO
PERNAMBUCO;PERNAMBUCO_Edital_de_Bolsas_1.pdf;0.25;0.1;0.05;260;9800000.0;False;ESTADO
PERNAMBUCO;PERNAMBUCO_Edital_de_Fomento_1.pdf;0.25;0.1;0.05;900;33950000.0;False;ESTADO
PERNAMBUCO;PERNAMBUCO_Edital_de_Premiação_1.pdf;0.25;0.1;0.05;780;9177166.6;False;ESTADO
PERNAMBUCO;PERNAMBUCO_Edital_de_Premiação_3.pdf;;0.1;0.05;100;1000000.0;False;ESTADO
PERNAMBUCO;PERNAMBUCO_Edital_de_Premiação_5.pdf;0.25;0.1;0.05;100;2500000.0;False;ESTADO
PERNAMBUCO;PERNAMBUCO_Edital_TCC_-_Pontos_PNCV_1.pdf;0.25;0.1;0.05;80;7700000.0;False;ESTADO
PERNAMBUCO;PERNAMBUCO_Edital_TCC_-_Pontões_PNCV_1.pdf;0.25;0.1;0.05;6;1800000.0;False;ESTADO
PIAUÍ;PIAUÍ_Edital_de_Fomento_1.pdf;0.25;0.1;0.05;130;6500000.0;False;ESTADO
PIAUÍ;PIAUÍ_Edital_de_Fomento_2.pdf;0.25;0.1;0.05;110;12000000.0;False;ESTADO
PIAUÍ;PIAUÍ_Edital_de_Premiação_1.pdf;0.25;0.1;0.05;251;2248000.0;False;ESTADO
PIAUÍ;PIAUÍ_Edital_TCC_-_Pontos_PNCV_1.pdf;0.25;0.1;0.05;27;2700000.0;False;ESTADO
PIAUÍ;PIAUÍ_Edital_TCC_-_Pontões_PNCV_1.pdf;0.25;0.1;0.05;2;600000.0;False;ESTADO
RIO DE JANEIRO;RIO DE JANEIRO_CULTURA VIVA_2.pdf;0.25;0.1;0.05;373;17730000.0;False;ESTADO
RIO DE JANEIRO;RIO DE JANEIRO_CULTURA_VIVA.pdf;;;;2;4800000.0;False;ESTADO
RIO DE JANEIRO;RIO DE JANEIRO_Edital_de_Fomento_1.pdf;0.25;0.1;0.05;55;5000000.0;False;ESTADO
RIO DE JANEIRO;RIO DE JANEIRO_Edital_de_Fomento_2.pdf;0.25;0.1;0.05;300;21000000.0;False;ESTADO
RIO DE JANEIRO;RIO DE JANEIRO_Edital_de_Fomento_3.pdf;0.25;0.1;0.05;92;21000000.0;False;ESTADO
RIO DE JANEIRO;RIO DE JANEIRO_Edital_de_Fomento_4.pdf;0.25;0.1;0.05;30;6500000.0;False;ESTADO
RIO DE JANEIRO;RIO DE JANEIRO_Edital_de_Fomento_5.pdf;0.25;0.1;0.05;200;11000000.0;False;ESTADO
RIO GRANDE DO NORTE;RIO GRANDE DO NORTE_Edital_de_Fomento_1.pdf;0.25;0.1;0.05;34;1480000.0;False;ESTADO
RIO GRANDE DO NORTE;RIO GRANDE DO NORTE_Edital_de_Fomento_2.pdf;0.25;0.1;0.05;34;1240000.0;False;ESTADO
RIO GRANDE DO NORTE;RIO GRANDE DO NORTE_Edital_de_Fomento_3.pdf;0.25;0.1;0.05;66;1360000.0;False;ESTADO
RIO GRANDE DO NORTE;RIO GRANDE DO NORTE_Edital_de_Fomento_4.pdf;0.25;0.1;0.05;47;1800000.0;False;ESTADO
RIO GRANDE DO NORTE;RIO GRANDE DO NORTE_Edital_de_Fomento_5.pdf;0.25;0.1;0.05;38;920000.0;False;ESTADO
RIO GRANDE DO NORTE;RIO GRANDE DO NORTE_Edital_de_Fomento_6.pdf;0.25;0.1;0.05;58;1680000.0;False;ESTADO
RIO GRANDE DO NORTE;RIO GRANDE DO NORTE_Edital_de_Fomento_7.pdf;0.25;0.1;0.05;62;1480000.0;False;ESTADO
RIO GRANDE DO NORTE;RIO GRANDE DO NORTE_Edital_de_Premiação_1.pdf;;;0.05;40;1200000.0;False;ESTADO
RIO GRANDE DO NORTE;RIO GRANDE DO NORTE_Edital_de_Premiação_2.pdf;;;0.05;22;660000.0;False;ESTADO
RIO GRANDE DO NORTE;RIO GRANDE DO NORTE_Edital_de_Premiação_3.pdf;0.25;0.1;0.05;;1200000.0;False;ESTADO
RIO GRANDE DO NORTE;RIO GRANDE DO NORTE_Edital_de_Premiação_4.pdf;0.25;0.1;0.05;;1125000.0;False;ESTADO
RIO GRANDE DO NORTE;RIO GRANDE DO NORTE_Edital_Premiação_-_Pontos_e_Pontões_PNCV_1.pdf;0.25;0.1;0.05;84;3360000.0;False;ESTADO
RIO GRANDE DO NORTE;RIO GRANDE DO NORTE_Edital_TCC_-_Pontos_e_Pontões_PNCV_1.pdf;;;;2;600000.0;False;ESTADO
RIO GRANDE DO NORTE;RIO GRANDE DO NORTE_FOMENTO_0044.pdf;0.25;0.1;0.05;46;920000.0;False;ESTADO
RIO GRANDE DO NORTE;RIO GRANDE DO NORTE_FOMENTO_01.pdf;0.25;0.1;0.05;110;750000.0;False;ESTADO
RIO GRANDE DO NORTE;RIO GRANDE DO NORTE_FOMENTO_2.pdf;0.25;0.1;0.05;30;620000.0;False;ESTADO
RIO GRANDE DO NORTE;RIO GRANDE DO NORTE_FOMENTO_22.pdf;0.25;0.1;0.05;140;3660000.0;False;ESTADO
RIO GRANDE DO NORTE;RIO GRANDE DO NORTE_FOMENTO_3.pdf;;;0.05;30;620000.0;False;ESTADO
RIO GRANDE DO NORTE;RIO GRANDE DO NORTE_FOMENTO_99.pdf;0.25;0.1;0.05;30;920000.0;False;ESTADO
RIO GRANDE DO NORTE;RIO GRANDE DO NORTE_PREMIAÇÃO_003.pdf;0.25;0.1;0.05;;400000.0;False;ESTADO
RIO GRANDE DO NORTE;RIO GRANDE DO NORTE_SUBSÍDIO_24.pdf;0.25;0.1;0.05;24;960000.0;False;ESTADO
RIO GRANDE DO SUL;RIO GRANDE DO SUL_Edital_de_Fomento_1.pdf;;;;67;7900000.0;False;ESTADO
RIO GRANDE DO SUL;RIO GRANDE DO SUL_Edital_de_Fomento_2.pdf;0.2632;0.1053;0.0526;38;4100000.0;False;ESTADO
RIO GRANDE DO SUL;RIO GRANDE DO SUL_Edital_de_Fomento_3.pdf;;;;30;4000000.0;False;ESTADO
RIO GRANDE DO SUL;RIO GRANDE DO SUL_Edital_de_Fomento_4.pdf;0.25;0.08;0.04;86;8000000.0;False;ESTADO
RIO GRANDE DO SUL;RIO GRANDE DO SUL_Edital_de_Fomento_5.pdf;;;;30;4000000.0;False;ESTADO
RIO GRANDE DO SUL;RIO GRANDE DO SUL_Edital_de_Fomento_6.pdf;0.22;0.06;0.03;69;10650000.0;False;ESTADO
RIO GRANDE DO SUL;RIO GRANDE DO SUL_Edital_de_Fomento_7.pdf;;;;49;7800000.0;False;ESTADO
RIO GRANDE DO SUL;RIO GRANDE DO SUL_Edital_TCC_-_Pontos_e_Pontões_PNCV_1.pdf;0.25;0.1;0.05;63;9000000.0;False;ESTADO
RORAIMA;001_2025-fomento-edital-de-chamamento-pablico-nao-0012025.pdf;0.25;0.15;0.05;241;8178650.0;False;ESTADO
RORAIMA;002_2025-premiacao-edital-de-chamamento-pablico-nao-0022025-premiacao.pdf;0.25;0.15;0.05;;2782706.0;False;ESTADO
RORAIMA;003_2025-subsidio-edital-de-chamamento-pablico-nao-0032025-subsadio.pdf;0.25;0.15;0.05;;1000000.0;False;ESTADO
RORAIMA;004_2025-pontos-edital-chamamento-pablico-nao-0042025-pontos-de-cultura.pdf;0.25;0.15;0.05;20;1444328.08;False;ESTADO
RORAIMA;005_2025-pontao-edital-chamamento-pablico-nao-0052025-pontao-de-cultura.pdf;0.25;0.15;0.05;1;361082.01;False;ESTADO
SANTA CATARINA;SANTA CATARINA_Cultura Viva.pdf;0.5;0.5;0.5;3;900000.0;False;ESTADO
SANTA CATARINA;SANTA CATARINA_CULTURA_VIVA_02.pdf;0.25;0.1;0.05;110;4950000.0;False;ESTADO
SANTA CATARINA;Santa Catarina_FOMENTO_04.pdf;0.24;0.09;0.09;96;9600000.0;False;ESTADO
SANTA CATARINA;SANTA CATARINA_FOMENTO_435.pdf;0.2565;0.1017;0.0531;659;22220000.0;False;ESTADO
SANTA CATARINA;SANTA CATARINA_PREMIAÇÃO.pdf;0.25;0.1;0.05;140;3150000.0;False;ESTADO
SANTA CATARINA;SANTA CATARINA_PREMIAÇÃO_X.pdf;0.25;0.1;0.05;35;1050000.0;False;ESTADO
SERGIPE;SERGIPE_CULTURA VIVA_03.pdf;0.25;0.1;0.05;15;1500000.0;False;ESTADO
SERGIPE;SERGIPE_CULTURA VIVA_04.pdf;0.25;0.1;0.05;2;600000.0;False;ESTADO
SERGIPE;SERGIPE_CULTURA VIVA_05.pdf;0.25;0.1;0.05;80;950000.0;False;ESTADO
SERGIPE;SERGIPE_FOMENTO_02.pdf;0.25;0.1;0.05;10;400000.0;False;ESTADO
SERGIPE;SERGIPE_FOMENTO_06.pdf;0.25;0.1;0.05;21;3000000.0;False;ESTADO
SERGIPE;SERGIPE_FOMENTO_07.pdf;0.25;0.1;0.05;40;1040000.0;False;ESTADO
SERGIPE;SERGIPE_FOMENTO_09.pdf;0.25;0.1;0.05;25;1440000.0;False;ESTADO
SERGIPE;SERGIPE_Subsidio-08_2025.pdf;0.25;0.1;0.05;39;3120000.0;False;ESTADO
SÃO PAULO;SÃO PAULO_Edital_de_Fomento_1.pdf;0.25;0.1;0.05;30;3000000.0;False;ESTADO
SÃO PAULO;SÃO PAULO_Edital_de_Fomento_10.pdf;0.25;0.1;0.05;40;20000000.0;False;ESTADO
SÃO PAULO;SÃO PAULO_Edital_de_Fomento_12.pdf;0.25;0.1;0.05;20;5000000.0;False;ESTADO
SÃO PAULO;SÃO PAULO_Edital_de_Fomento_13.pdf;0.25;0.1;0.05;40;15000000.0;False;ESTADO
SÃO PAULO;SÃO PAULO_Edital_de_Fomento_15.pdf;0.25;0.1;0.05;30;9000000.0;False;ESTADO
SÃO PAULO;SÃO PAULO_Edital_de_Fomento_16.pdf;0.25;0.1;0.05;20;3000000.0;False;ESTADO
SÃO PAULO;SÃO PAULO_Edital_de_Fomento_17.pdf;0.25;0.1;0.05;20;3000000.0;False;ESTADO
SÃO PAULO;SÃO PAULO_Edital_de_Fomento_18.pdf;0.25;0.1;0.05;20;3000000.0;False;ESTADO
SÃO PAULO;SÃO PAULO_Edital_de_Fomento_19.pdf;0.25;0.1;0.05;20;3000000.0;False;ESTADO
SÃO PAULO;SÃO PAULO_Edital_de_Fomento_2.pdf;0.25;0.1;0.05;30;22500000.0;False;ESTADO
SÃO PAULO;SÃO PAULO_Edital_de_Fomento_20.pdf;0.25;0.1;0.05;20;3000000.0;False;ESTADO
SÃO PAULO;SÃO PAULO_Edital_de_Fomento_25.pdf;0.25;0.1;0.05;22;33000000.0;False;ESTADO
SÃO PAULO;SÃO PAULO_Edital_de_Fomento_32.pdf;0.25;0.1;0.05;10;9000000.0;False;ESTADO
SÃO PAULO;SÃO PAULO_Edital_de_Fomento_33.pdf;0.25;0.1;0.05;10;3750000.0;False;ESTADO
SÃO PAULO;SÃO PAULO_Edital_de_Fomento_5.pdf;0.25;0.1;0.05;14;700000.0;False;ESTADO
SÃO PAULO;SÃO PAULO_Edital_de_Fomento_6.pdf;0.25;0.1;0.05;22;6600000.0;False;ESTADO
SÃO PAULO;SÃO PAULO_Edital_de_Fomento_7.pdf;0.25;0.1;0.05;20;3000000.0;False;ESTADO
SÃO PAULO;SÃO PAULO_Edital_de_Fomento_8.pdf;0.25;0.1;0.05;20;2000000.0;False;ESTADO
SÃO PAULO;SÃO PAULO_Edital_de_Fomento_9.pdf;0.25;0.1;0.05;60;6000000.0;False;ESTADO
SÃO PAULO;SÃO PAULO_Edital_de_Premiação_1.pdf;0.25;0.1;0.05;20;2000000.0;False;ESTADO
SÃO PAULO;SÃO PAULO_Edital_de_Premiação_2.pdf;0.25;0.1;0.05;20;1600000.0;False;ESTADO
SÃO PAULO;SÃO PAULO_Edital_de_Subsídio_1.pdf;0.25;0.1;0.05;20;6000000.0;False;ESTADO
SÃO PAULO;SÃO PAULO_Edital_de_Subsídio_2.pdf;0.25;0.1;0.05;20;4000000.0;False;ESTADO
SÃO PAULO;SÃO PAULO_Edital_de_Subsídio_a_Espaços_Culturais_1.pdf;0.25;0.1;0.05;80;40000000.0;False;ESTADO
SÃO PAULO;SÃO PAULO_Edital_de_Subsídio_a_Espaços_Culturais_2.pdf;0.25;0.1;0.05;20;15000000.0;False;ESTADO
SÃO PAULO;SÃO PAULO_Edital_de_Subsídio_a_Espaços_Culturais_3.pdf;0.25;0.1;0.05;10;3000000.0;False;ESTADO
SÃO PAULO;SÃO PAULO_Edital_de_Subsídio_a_Espaços_Culturais_4.pdf;0.25;0.1;0.05;40;12000000.0;False;ESTADO
SÃO PAULO;SÃO PAULO_Edital_Premiação_-_Pontos_e_Pontões_PNCV_1.pdf;0.25;0.1;0.05;150;6300000.0;False;ESTADO
SÃO PAULO;SÃO PAULO_Edital_TCC_-_Pontos_PNCV_1.pdf;0.25;0.1;0.05;130;22100000.0;False;ESTADO
SÃO PAULO;SÃO PAULO_Edital_TCC_-_Pontões_PNCV_1.pdf;0.25;0.1;0.05;8;5200000.0;False;ESTADO
TOCANTINS;TOCANTINS_Edital_de_Bolsa_1.pdf;0.25;0.1;0.05;;500000.0;False;ESTADO
TOCANTINS;TOCANTINS_Edital_de_Bolsa_2.pdf;;;0.05;20;600000.0;False;ESTADO
TOCANTINS;TOCANTINS_Edital_de_Bolsa_3.pdf;;;0.05;20;600000.0;False;ESTADO
TOCANTINS;TOCANTINS_Edital_de_Fomento_1.pdf;0.25;0.1;0.05;;4825000.0;False;ESTADO
TOCANTINS;TOCANTINS_Edital_de_Fomento_2.pdf;0.25;0.1;0.05;77;2360000.0;False;ESTADO
TOCANTINS;TOCANTINS_Edital_de_Fomento_3.pdf;0.25;0.1;0.05;77;2360000.0;False;ESTADO
TOCANTINS;TOCANTINS_Edital_de_Fomento_4.pdf;0.25;0.1;0.05;77;2360000.0;False;ESTADO
TOCANTINS;TOCANTINS_Edital_de_Fomento_5.pdf;0.25;0.1;0.05;22;3570000.0;False;ESTADO
TOCANTINS;TOCANTINS_Edital_de_Subsídio_a_Espaços_Culturais_1.pdf;0.25;0.1;0.05;50;4000000.0;False;ESTADO
TOCANTINS;TOCANTINS_Edital_Premiação_-_Pontos_e_Pontões_PNCV_1.pdf;0.25;0.1;0.05;35;1230000.0;False;ESTADO
TOCANTINS;TOCANTINS_Edital_TCC_-_Pontos_PNCV_1.pdf;0.25;0.1;0.05;6;780000.0;False;ESTADO
TOCANTINS;TOCANTINS_Edital_TCC_-_Pontões_PNCV_1.pdf;;;;1;360000.0;False;ESTADO
TOCANTINS;TOCATINS_FOMENTO_33.pdf;0.25;;0.05;70;1125000.0;False;ESTADO
AMAZONAS;2025-01_AMAZONAS_FOMENTO.pdf;0.25;0.25;0.05;18;930000.0;True;ESTADO
AMAZONAS;2025-02_AMAZONAS_SUBSÍDIO.pdf;0.24;0.24;0.12;25;3000000.0;True;ESTADO
AMAZONAS;2025-03_AMAZONAS_CULTURAVIVA.pdf;0.25;0.25;0.03;28;150000.0;True;ESTADO
AMAZONAS;2025-04_AMAZONAS_CULTURAVIVA.pdf;0.28;0.28;0.07;14;420000.0;True;ESTADO
AMAZONAS;2025-05_AMAZONAS_CULTURAVIVA.pdf;0.0;0.5;0.0;2;384988.4;True;ESTADO
AMAZONAS;2025-06_AMAZONAS_FOMENTO.pdf;0.25;0.25;0.05;40;1400000.0;True;ESTADO
RONDÔNIA;2025-03_RO_CULTURAVIVA.pdf;0.16;0.03;0.03;30;3060000.0;True;ESTADO
RONDÔNIA;2025-04_RO_CULTURAVIVA.pdf;0.2;0.05;0.05;40;1200000.0;True;ESTADO
RONDÔNIA;2025-05_RO_PRÊMIO.pdf;0.26;0.1;0.04;50;500000.0;True;ESTADO
RONDÔNIA;2025-08_RO_PRÊMIO.pdf;0.25;0.1;0.05;40;1100000.0;True;ESTADO
