ente_federativo;nome_pdf_pk;perc_cotas_negras;perc_cotas_indigenas;perc_cotas_pcd;vagas_totais;valor_total;is_novo;tipo_ente;vagas_cotas_negras;vagas_cotas_indigenas;vagas_cotas_pcd;valor_por_vaga;valor_cotas_negras;valor_cotas_indigenas;valor_cotas_pcd;flag_cotas_negras;flag_cotas_indigenas;flag_cotas_pcd
ACRE;ACRE_BOLSA_112024.pdf;0.26;0.12;0.12;42;696000.0;False;ESTADO;10;5;5;16571.428571428572;165714.28571428574;82857.14285714287;82857.14285714287;True;True;True
ACRE;ACRE_CULTURAVIVA_012025.pdf;0.2857;0.1429;0.1429;42;1470000.0;False;ESTADO;11;6;6;35000.0;385000.0;210000.0;210000.0;True;True;True
ACRE;ACRE_CULTURAVIVA_122024.pdf;0.1667;0.1667;0.1667;30;1672276.38;False;ESTADO;5;5;5;55742.545999999995;278712.73;278712.73;278712.73;False;True;True
ACRE;ACRE_CULTURAVIVA_132024.pdf;;;;1;418069.1;False;ESTADO;;;;418069.1;;;;False;False;False
ACRE;ACRE_FOMENTO_062024.pdf;0.25;0.18;0.18;122;4100000.0;False;ESTADO;30;21;21;33606.55737704918;1008196.7213114755;705737.7049180329;705737.7049180329;True;True;True
ACRE;ACRE_FOMENTO_072024.pdf;0.278;0.111;0.056;18;300000.0;False;ESTADO;5;1;1;16666.666666666668;83333.33333333334;16666.666666666668;16666.666666666668;True;True;True
ACRE;ACRE_FOMENTO_082024.pdf;0.5;;;10;200000.0;False;ESTADO;5;;;20000.0;100000.0;;;True;False;False
ACRE;ACRE_FOMENTO_092024.pdf;0.307;0.1538;0.0769;13;2500000.0;False;ESTADO;3;1;0;192307.6923076923;576923.076923077;192307.6923076923;0.0;True;True;True
ACRE;ACRE_PRÊMIO_142024.pdf;0.2;0.2;0.2;60;900000.0;False;ESTADO;12;12;12;15000.0;180000.0;180000.0;180000.0;False;True;True
ACRE;ACRE_PRÊMIO_152024.pdf;;;0.15;80;1200000.0;False;ESTADO;;;12;15000.0;;;180000.0;False;False;True
ACRE;ACRE_SUBSÍDIO_102024.pdf;0.2623;0.1475;0.1148;61;1098000.0;False;ESTADO;16;8;7;18000.0;288000.0;144000.0;126000.0;True;True;True
ALAGOAS;ALAGOAS_CULTURAVIVA_012025.pdf;0.25;0.0833;0.0417;24;2616000.0;False;ESTADO;6;1;1;109000.0;654000.0;109000.0;109000.0;True;False;False
ALAGOAS;ALAGOAS_CULTURAVIVA_022025.pdf;;;;2;653000.0;False;ESTADO;;;;326500.0;;;;False;False;False
ALAGOAS;ALAGOAS_FOMENTO_072024.pdf;0.2564;0.0769;0.0513;39;900000.0;False;ESTADO;9;2;2;23076.923076923078;207692.3076923077;46153.846153846156;46153.846153846156;True;False;True
ALAGOAS;ALAGOAS_FOMENTO_082024.pdf;0.25;0.125;0.125;16;1100000.0;False;ESTADO;4;2;2;68750.0;275000.0;137500.0;137500.0;True;True;True
ALAGOAS;ALAGOAS_FOMENTO_092024.pdf;0.2632;0.1053;0.0702;57;400000.0;False;ESTADO;15;6;4;7017.543859649123;105263.15789473684;42105.26315789474;28070.175438596492;True;True;True
ALAGOAS;ALAGOAS_FOMENTO_102024.pdf;0.2553;0.1176;0.0588;17;200000.0;False;ESTADO;4;1;0;11764.70588235294;47058.82352941176;11764.70588235294;0.0;True;True;True
ALAGOAS;ALAGOAS_FOMENTO_112024.pdf;0.2143;0.0714;0.0714;14;200000.0;False;ESTADO;3;0;0;14285.714285714286;42857.142857142855;0.0;0.0;False;False;True
ALAGOAS;ALAGOAS_FOMENTO_122024.pdf;0.2564;0.1026;0.0769;39;900000.0;False;ESTADO;9;4;2;23076.923076923078;207692.3076923077;92307.69230769231;46153.846153846156;True;True;True
ALAGOAS;ALAGOAS_FOMENTO_132024.pdf;0.25;0.1;0.075;40;200000.0;False;ESTADO;10;4;3;5000.0;50000.0;20000.0;15000.0;True;True;True
ALAGOAS;ALAGOAS_FOMENTO_152024.pdf;0.28;0.125;0.1;50;900000.0;False;ESTADO;14;6;5;18000.0;252000.0;108000.0;90000.0;True;True;True
ALAGOAS;ALAGOAS_FOMENTO_172024.pdf;0.241;0.1084;0.0602;83;1398000.0;False;ESTADO;20;8;4;16843.373493975905;336867.4698795181;134746.98795180724;67373.49397590362;False;True;True
ALAGOAS;ALAGOAS_FOMENTO_182024.pdf;0.2571;0.1;0.0714;70;1010000.0;False;ESTADO;17;7;4;14428.57142857143;245285.7142857143;101000.0;57714.28571428572;True;True;True
ALAGOAS;ALAGOAS_FOMENTO_192024.pdf;0.253;0.0964;0.0602;83;1780000.0;False;ESTADO;20;8;4;21445.78313253012;428915.6626506024;171566.26506024096;85783.13253012048;True;False;True
ALAGOAS;ALAGOAS_FOMENTO_202024.pdf;0.2667;0.1;0.0667;90;1800000.0;False;ESTADO;24;9;6;20000.0;480000.0;180000.0;120000.0;True;True;True
ALAGOAS;ALAGOAS_FOMENTO_212024.pdf;0.241;0.1084;0.0964;83;1039700.0;False;ESTADO;20;8;8;12526.506024096385;250530.1204819277;100212.04819277108;100212.04819277108;False;True;True
ALAGOAS;ALAGOAS_FOMENTO_232024.pdf;0.2407;0.0926;0.0556;54;2000000.0;False;ESTADO;12;5;3;37037.03703703704;444444.44444444444;185185.18518518517;111111.11111111111;False;False;True
ALAGOAS;ALAGOAS_FOMENTO_242024.pdf;0.2485;0.097;0.0424;165;2300000.0;False;ESTADO;41;16;6;13939.39393939394;571515.1515151515;223030.30303030304;83636.36363636365;False;False;False
ALAGOAS;ALAGOAS_FOMENTO_252024.pdf;0.2545;0.0909;0.0545;55;1000000.0;False;ESTADO;13;4;2;18181.81818181818;236363.63636363635;72727.27272727272;36363.63636363636;True;False;True
ALAGOAS;ALAGOAS_FOMENTO_262024.pdf;0.2353;0.0882;0.0588;34;1000000.0;False;ESTADO;8;2;1;29411.764705882353;235294.11764705883;58823.529411764706;29411.764705882353;False;False;True
ALAGOAS;ALAGOAS_FOMENTO_272024.pdf;0.2535;0.0986;0.0423;71;1200000.0;False;ESTADO;17;7;3;16901.408450704224;287323.94366197183;118309.85915492957;50704.22535211267;True;False;False
ALAGOAS;ALAGOAS_PRÊMIO_062024.pdf;0.26;0.1;0.06;50;300000.0;False;ESTADO;13;5;3;6000.0;78000.0;30000.0;18000.0;True;True;True
ALAGOAS;ALAGOAS_PRÊMIO_162024.pdf;0.25;0.1;0.05;20;300000.0;False;ESTADO;5;2;1;15000.0;75000.0;30000.0;15000.0;True;True;True
ALAGOAS;ALAGOAS_PRÊMIO_222024.pdf;0.3077;0.1538;0.0769;52;260000.0;False;ESTADO;16;7;3;5000.0;80000.0;35000.0;15000.0;True;True;True
ALAGOAS;ALAGOAS_SUBSÍDIO_302024.pdf;0.25;0.1;0.05;60;2160000.0;False;ESTADO;15;6;3;36000.0;540000.0;216000.0;108000.0;True;True;True
AMAPÁ;AMAPÁ_CULTURAVIVA_062024.pdf;0.25;0.1;0.05;22;2116800.0;False;ESTADO;5;2;1;96218.18181818182;481090.9090909091;192436.36363636365;96218.18181818182;True;True;True
AMAPÁ;AMAPÁ_FOMENTO_012024.pdf;0.2571;0.1143;0.0857;35;2400000.0;False;ESTADO;8;4;2;68571.42857142857;548571.4285714285;274285.71428571426;137142.85714285713;True;True;True
AMAPÁ;AMAPÁ_FOMENTO_022024.pdf;0.25;0.1;0.05;35;1050000.0;False;ESTADO;8;3;1;30000.0;240000.0;90000.0;30000.0;True;True;True
AMAPÁ;AMAPÁ_FOMENTO_032024.pdf;0.25;0.1;0.05;410;8200000.0;False;ESTADO;102;41;20;20000.0;2040000.0;820000.0;400000.0;True;True;True
AMAPÁ;AMAPÁ_FOMENTO_042024.pdf;0.25;0.1;0.05;20;400000.0;False;ESTADO;5;2;1;20000.0;100000.0;40000.0;20000.0;True;True;True
AMAPÁ;AMAPÁ_SUBSÍDIO_052024.pdf;0.25;0.1;0.05;210;2100000.0;False;ESTADO;52;21;10;10000.0;520000.0;210000.0;100000.0;True;True;True
AMAZONAS;AMAZONAS_FOMENTO_022024.pdf;0.25;0.25;0.05;52;2000000.0;False;ESTADO;13;13;2;38461.53846153846;500000.0;500000.0;76923.07692307692;True;True;True
AMAZONAS;AMAZONAS_FOMENTO_032024.pdf;0.25;0.25;0.05;44;2000000.0;False;ESTADO;11;11;2;45454.545454545456;500000.0;500000.0;90909.09090909091;True;True;True
AMAZONAS;AMAZONAS_FOMENTO_042024.pdf;0.25;0.25;0.05;32;2000000.0;False;ESTADO;8;8;1;62500.0;500000.0;500000.0;62500.0;True;True;True
AMAZONAS;AMAZONAS_FOMENTO_052024.pdf;0.1905;0.1905;0.1667;42;2000000.0;False;ESTADO;8;8;7;47619.04761904762;380952.38095238095;380952.38095238095;333333.3333333333;False;True;True
AMAZONAS;AMAZONAS_FOMENTO_062024.pdf;0.25;0.25;0.05;30;2000000.0;False;ESTADO;7;7;1;66666.66666666667;466666.6666666667;466666.6666666667;66666.66666666667;True;True;True
AMAZONAS;AMAZONAS_FOMENTO_072024.pdf;0.25;0.25;0.05;42;2000000.0;False;ESTADO;10;10;2;47619.04761904762;476190.4761904762;476190.4761904762;95238.09523809524;True;True;True
AMAZONAS;AMAZONAS_FOMENTO_082024.pdf;0.25;0.25;0.05;30;1485000.0;False;ESTADO;7;7;1;49500.0;346500.0;346500.0;49500.0;True;True;True
AMAZONAS;AMAZONAS_FOMENTO_092024.pdf;0.25;0.25;0.05;38;2000000.0;False;ESTADO;9;9;1;52631.57894736842;473684.2105263158;473684.2105263158;52631.57894736842;True;True;True
AMAZONAS;AMAZONAS_FOMENTO_102024.pdf;;;0.25;44;1413000.0;False;ESTADO;;;11;32113.636363636364;;;353250.0;False;False;True
AMAZONAS;AMAZONAS_FOMENTO_112024.pdf;;;0.05;40;1413000.0;False;ESTADO;;;2;35325.0;;;70650.0;False;False;True
AMAZONAS;AMAZONAS_FOMENTO_122024.pdf;0.25;0.25;0.05;40;1500000.0;False;ESTADO;10;10;2;37500.0;375000.0;375000.0;75000.0;True;True;True
AMAZONAS;AMAZONAS_FOMENTO_132024.pdf;0.25;0.25;0.05;106;6500000.0;False;ESTADO;26;26;5;61320.75471698113;1594339.6226415094;1594339.6226415094;306603.77358490566;True;True;True
BAHIA;BAHIA_BOLSA_242024.pdf;0.5;0.1;0.05;20;1200000.0;False;ESTADO;10;2;1;60000.0;600000.0;120000.0;60000.0;True;True;True
BAHIA;BAHIA_CULTURAVIVA_252024.pdf;0.5;;0.05;66;1980000.0;False;ESTADO;33;;3;30000.0;990000.0;;90000.0;True;False;True
BAHIA;BAHIA_CULTURAVIVA_262024.pdf;0.5;0.1;0.05;74;4220000.0;False;ESTADO;37;7;3;57027.02702702703;2110000.0;399189.1891891892;171081.08108108107;True;True;True
BAHIA;BAHIA_CULTURAVIVA_272024.pdf;0.5;0.1;0.05;48;3840000.0;False;ESTADO;24;4;2;80000.0;1920000.0;320000.0;160000.0;True;True;True
BAHIA;BAHIA_CULTURAVIVA_282024.pdf;0.5;0.1;0.05;27;1080000.0;False;ESTADO;13;2;1;40000.0;520000.0;80000.0;40000.0;True;True;True
BAHIA;BAHIA_CULTURAVIVA_292024.pdf;0.5;0.1;0.05;7;2100000.0;False;ESTADO;3;0;0;300000.0;900000.0;0.0;0.0;True;True;True
BAHIA;BAHIA_FOMENTO_052024.pdf;0.5;0.1;0.05;113;7250000.0;False;ESTADO;56;11;5;64159.29203539823;3592920.353982301;705752.2123893806;320796.4601769912;True;True;True
BAHIA;BAHIA_FOMENTO_062024.pdf;0.5;0.1;0.05;36;840000.0;False;ESTADO;18;3;1;23333.333333333332;420000.0;70000.0;23333.333333333332;True;True;True
BAHIA;BAHIA_FOMENTO_072024.pdf;0.5;0.1;0.05;12;780000.0;False;ESTADO;6;1;0;65000.0;390000.0;65000.0;0.0;True;True;True
BAHIA;BAHIA_FOMENTO_082024.pdf;0.5;0.1;0.05;29;6900000.0;False;ESTADO;14;2;1;237931.0344827586;3331034.4827586208;475862.0689655172;237931.0344827586;True;True;True
BAHIA;BAHIA_FOMENTO_092024.pdf;0.5;0.1;0.05;75;7200000.0;False;ESTADO;37;7;3;96000.0;3552000.0;672000.0;288000.0;True;True;True
BAHIA;BAHIA_FOMENTO_102024.pdf;0.5;0.1;;12;3000000.0;False;ESTADO;6;1;;250000.0;1500000.0;250000.0;;True;True;False
BAHIA;BAHIA_FOMENTO_112024.pdf;0.5;0.1;;10;500000.0;False;ESTADO;5;1;;50000.0;250000.0;50000.0;;True;True;False
BAHIA;BAHIA_FOMENTO_122024.pdf;0.5;0.1;0.05;21;1050000.0;False;ESTADO;10;2;1;50000.0;500000.0;100000.0;50000.0;True;True;True
BAHIA;BAHIA_FOMENTO_132024.pdf;0.5;0.1;;8;1200000.0;False;ESTADO;4;0;;150000.0;600000.0;0.0;;True;True;False
BAHIA;BAHIA_FOMENTO_142024.pdf;0.5;0.1;;5;1250000.0;False;ESTADO;2;0;;250000.0;500000.0;0.0;;True;True;False
BAHIA;BAHIA_FOMENTO_152024.pdf;0.5;0.1;;40;1700000.0;False;ESTADO;20;4;;42500.0;850000.0;170000.0;;True;True;False
BAHIA;BAHIA_FOMENTO_162024.pdf;0.5;0.1;0.05;43;5150000.0;False;ESTADO;21;4;2;119767.44186046511;2515116.2790697673;479069.76744186046;239534.88372093023;True;True;True
BAHIA;BAHIA_FOMENTO_172024.pdf;0.5;0.1;0.05;20;900000.0;False;ESTADO;10;2;1;45000.0;450000.0;90000.0;45000.0;True;True;True
BAHIA;BAHIA_FOMENTO_182024.pdf;0.5;0.1;0.05;35;1750000.0;False;ESTADO;17;3;1;50000.0;850000.0;150000.0;50000.0;True;True;True
BAHIA;BAHIA_FOMENTO_192024.pdf;0.5;0.1;0.05;33;1000000.0;False;ESTADO;16;3;1;30303.030303030304;484848.48484848486;90909.09090909091;30303.030303030304;True;True;True
BAHIA;BAHIA_FOMENTO_202024.pdf;0.5;0.1;0.05;12;3000000.0;False;ESTADO;6;1;0;250000.0;1500000.0;250000.0;0.0;True;True;True
BAHIA;BAHIA_PRÊMIO_012024.pdf;0.5;0.1;0.05;30;900000.0;False;ESTADO;15;3;1;30000.0;450000.0;90000.0;30000.0;True;True;True
BAHIA;BAHIA_PRÊMIO_022024.pdf;0.5;0.1;0.05;16;160000.0;False;ESTADO;8;1;0;10000.0;80000.0;10000.0;0.0;True;True;True
BAHIA;BAHIA_PRÊMIO_032024.pdf;0.5;0.1;0.05;28;840000.0;False;ESTADO;14;2;1;30000.0;420000.0;60000.0;30000.0;True;True;True
BAHIA;BAHIA_PRÊMIO_042024.pdf;0.5;0.1071;0.0476;84;2520000.0;False;ESTADO;42;8;3;30000.0;1260000.0;240000.0;90000.0;True;True;False
BAHIA;BAHIA_SUBSÍDIO_212024.pdf;0.5;0.1;0.05;20;1000000.0;False;ESTADO;10;2;1;50000.0;500000.0;100000.0;50000.0;True;True;True
BAHIA;BAHIA_SUBSÍDIO_222024.pdf;;;0.0465;86;4300000.0;False;ESTADO;;;3;50000.0;;;150000.0;False;False;False
BAHIA;BAHIA_SUBSÍDIO_232024.pdf;;0.1132;0.0566;53;4200000.0;False;ESTADO;;5;2;79245.28301886792;;396226.41509433964;158490.56603773584;False;True;True
CEARÁ;CEARÁ_CULTURAVIVA_07.pdf;0.25;0.1;0.1;28;1020000.0;False;ESTADO;7;2;2;36428.57142857143;255000.0;72857.14285714286;72857.14285714286;True;True;True
CEARÁ;CEARÁ_CULTURAVIVA_09.pdf;0.25;0.1;0.1;38;4560000.0;False;ESTADO;9;3;3;120000.0;1080000.0;360000.0;360000.0;True;True;True
CEARÁ;CEARÁ_CULTURAVIVA_10.pdf;0.25;0.1;0.1;3;1500000.0;False;ESTADO;0;0;0;500000.0;0.0;0.0;0.0;True;True;True
CEARÁ;CEARÁ_CULTURAVIVA_11.pdf;0.25;0.1;0.1;20;1000000.0;False;ESTADO;5;2;2;50000.0;250000.0;100000.0;100000.0;True;True;True
CEARÁ;CEARÁ_FOMENTO_01.pdf;0.25;0.1;0.1;20;2000000.0;False;ESTADO;5;2;2;100000.0;500000.0;200000.0;200000.0;True;True;True
CEARÁ;CEARÁ_FOMENTO_02.pdf;0.25;0.1;0.1;410;15000000.0;False;ESTADO;102;41;41;36585.365853658535;3731707.3170731706;1500000.0;1500000.0;True;True;True
CEARÁ;CEARÁ_FOMENTO_03.pdf;0.25;0.1;0.1;13;15000000.0;False;ESTADO;3;1;1;1153846.1538461538;3461538.461538461;1153846.1538461538;1153846.1538461538;True;True;True
CEARÁ;CEARÁ_FOMENTO_04.pdf;0.25;0.1;0.1;114;15900000.0;False;ESTADO;28;11;11;139473.68421052632;3905263.157894737;1534210.5263157894;1534210.5263157894;True;True;True
CEARÁ;CEARÁ_FOMENTO_12.pdf;0.25;0.1;0.1;30;2000000.0;False;ESTADO;7;3;3;66666.66666666667;466666.6666666667;200000.0;200000.0;True;True;True
CEARÁ;CEARÁ_FOMENTO_13.pdf;0.25;0.1;0.1;26;2691000.0;False;ESTADO;6;2;2;103500.0;621000.0;207000.0;207000.0;True;True;True
CEARÁ;CEARÁ_FOMENTO_14.pdf;0.25;0.1;0.1;20;2400000.0;False;ESTADO;5;2;2;120000.0;600000.0;240000.0;240000.0;True;True;True
CEARÁ;CEARÁ_FOMENTO_15.pdf;0.25;0.1;0.1;50;3000000.0;False;ESTADO;12;5;5;60000.0;720000.0;300000.0;300000.0;True;True;True
CEARÁ;CEARÁ_FOMENTO_16.pdf;0.25;0.1;0.1;16;2500000.0;False;ESTADO;4;1;1;156250.0;625000.0;156250.0;156250.0;True;True;True
CEARÁ;CEARÁ_FOMENTO_17.pdf;0.25;0.1;0.1;40;14988000.0;False;ESTADO;10;4;4;374700.0;3747000.0;1498800.0;1498800.0;True;True;True
CEARÁ;CEARÁ_PRÊMIO_05.pdf;;;;98;3000000.0;False;ESTADO;;;;30612.244897959183;;;;False;False;False
CEARÁ;CEARÁ_PRÊMIO_06.pdf;0.25;0.1;0.1;20;1000000.0;False;ESTADO;5;2;2;50000.0;250000.0;100000.0;100000.0;True;True;True
CEARÁ;CEARÁ_QUALIFICAÇÃO_08.pdf;;;;40;;False;ESTADO;;;;;;;;False;False;False
CEARÁ;CEARÁ_QUALIFICAÇÃO_18.pdf;;;;184;;False;ESTADO;;;;;;;;False;False;False
DISTRITO FEDERAL;DF_CULTURAVIVA_462024.pdf;0.25;0.1;0.05;20;2000000.0;False;ESTADO;5;2;1;100000.0;500000.0;200000.0;100000.0;True;True;True
DISTRITO FEDERAL;DF_CULTURAVIVA_482024.pdf;0.25;0.1;0.05;3;900000.0;False;ESTADO;0;0;0;300000.0;0.0;0.0;0.0;True;True;True
DISTRITO FEDERAL;DF_CULTURAVIVA_492024.pdf;0.2683;0.0976;0.0488;82;3150000.0;False;ESTADO;22;8;4;38414.634146341465;845121.9512195123;307317.0731707317;153658.53658536586;True;False;False
DISTRITO FEDERAL;DF_FOMENTO_512024.pdf;0.2466;0.1507;0.1644;73;24456206.84;False;ESTADO;18;11;12;335016.53205479454;6030297.576986302;3685181.85260274;4020198.384657535;False;True;True
ESPÍRITO SANTO;ES_CULTURAVIVA_052024.pdf;0.25;0.1;0.05;50;2100000.0;False;ESTADO;12;5;2;42000.0;504000.0;210000.0;84000.0;True;True;True
ESPÍRITO SANTO;ES_CULTURAVIVA_062024.pdf;0.25;0.25;;4;1200000.0;False;ESTADO;1;1;;300000.0;300000.0;300000.0;;True;True;False
ESPÍRITO SANTO;ES_CULTURAVIVA_072024.pdf;0.25;0.1;;4;480000.0;False;ESTADO;1;0;;120000.0;120000.0;0.0;;True;True;False
ESPÍRITO SANTO;ES_FOMENTO_022024.pdf;0.25;0.1;0.05;20;800000.0;False;ESTADO;5;2;1;40000.0;200000.0;80000.0;40000.0;True;True;True
ESPÍRITO SANTO;ES_FOMENTO_032024.pdf;0.25;0.1;0.05;56;1120000.0;False;ESTADO;14;5;2;20000.0;280000.0;100000.0;40000.0;True;True;True
ESPÍRITO SANTO;ES_FOMENTO_042024.pdf;0.25;0.1;0.05;50;2100000.0;False;ESTADO;12;5;2;42000.0;504000.0;210000.0;84000.0;True;True;True
ESPÍRITO SANTO;ES_FOMENTO_042025.pdf;0.25;0.1;0.05;10;3200000.0;False;ESTADO;2;1;0;320000.0;640000.0;320000.0;0.0;True;True;True
ESPÍRITO SANTO;ES_FOMENTO_052024.pdf;0.25;0.1;0.05;50;2500000.0;False;ESTADO;12;5;2;50000.0;600000.0;250000.0;100000.0;True;True;True
ESPÍRITO SANTO;ES_FOMENTO_062024.pdf;0.25;0.1;0.05;14;560000.0;False;ESTADO;3;1;0;40000.0;120000.0;40000.0;0.0;True;True;True
ESPÍRITO SANTO;ES_FOMENTO_082024.pdf;0.25;0.1;0.05;33;1700000.0;False;ESTADO;8;3;1;51515.15151515151;412121.2121212121;154545.45454545453;51515.15151515151;True;True;True
ESPÍRITO SANTO;ES_FOMENTO_092024.pdf;0.25;0.1;0.05;26;1870000.0;False;ESTADO;6;2;1;71923.07692307692;431538.4615384615;143846.15384615384;71923.07692307692;True;True;True
ESPÍRITO SANTO;ES_FOMENTO_102024.pdf;0.25;0.1;0.05;57;3870000.0;False;ESTADO;14;5;2;67894.73684210527;950526.3157894737;339473.68421052635;135789.47368421053;True;True;True
ESPÍRITO SANTO;ES_FOMENTO_112024.pdf;0.25;0.1;0.05;47;1700000.0;False;ESTADO;11;4;2;36170.21276595745;397872.3404255319;144680.8510638298;72340.4255319149;True;True;True
ESPÍRITO SANTO;ES_FOMENTO_122024.pdf;0.25;0.1;0.05;25;1050000.0;False;ESTADO;6;2;1;42000.0;252000.0;84000.0;42000.0;True;True;True
ESPÍRITO SANTO;ES_FOMENTO_132024.pdf;0.25;0.1;0.05;20;880000.0;False;ESTADO;5;2;1;44000.0;220000.0;88000.0;44000.0;True;True;True
ESPÍRITO SANTO;ES_FOMENTO_142024.pdf;0.25;0.1;0.05;18;5600000.0;False;ESTADO;4;1;0;311111.1111111111;1244444.4444444445;311111.1111111111;0.0;True;True;True
ESPÍRITO SANTO;ES_FOMENTO_152024.pdf;0.25;0.1;0.05;30;1300000.0;False;ESTADO;7;3;1;43333.333333333336;303333.3333333334;130000.0;43333.333333333336;True;True;True
ESPÍRITO SANTO;ES_FOMENTO_172024.pdf;;;;10;1000000.0;False;ESTADO;;;;100000.0;;;;False;False;False
ESPÍRITO SANTO;ES_FOMENTO_182024.pdf;0.25;0.1;0.05;5;400000.0;False;ESTADO;1;0;0;80000.0;80000.0;0.0;0.0;True;True;True
ESPÍRITO SANTO;ES_FOMENTO_192024.pdf;0.25;0.1;0.05;20;900000.0;False;ESTADO;5;2;1;45000.0;225000.0;90000.0;45000.0;True;True;True
ESPÍRITO SANTO;ES_PRÊMIO_072024.pdf;;;;10;800000.0;False;ESTADO;;;;80000.0;;;;False;False;False
ESPÍRITO SANTO;ES_PRÊMIO_162024.pdf;;;;20;400000.0;False;ESTADO;;;;20000.0;;;;False;False;False
ESPÍRITO SANTO;ES_SUBSÍDIO_032025.pdf;0.25;0.1;0.05;30;6000000.0;False;ESTADO;7;3;1;200000.0;1400000.0;600000.0;200000.0;True;True;True
GOIÁS;GO_CULTURAVIVA_012025.pdf;0.3;0.1;0.1;50;1957000.0;False;ESTADO;15;5;5;39140.0;587100.0;195700.0;195700.0;True;True;True
GOIÁS;GO_CULTURAVIVA_182024.pdf;0.25;0.1;0.1;40;5400000.0;False;ESTADO;10;4;4;135000.0;1350000.0;540000.0;540000.0;True;True;True
GOIÁS;GO_CULTURAVIVA_192024.pdf;0.25;0.1;0.1;2;907000.0;False;ESTADO;0;0;0;453500.0;0.0;0.0;0.0;True;True;True
GOIÁS;GO_FOMENTO_012024.pdf;0.25;0.1;0.1;15;1000000.0;False;ESTADO;3;1;1;66666.66666666667;200000.0;66666.66666666667;66666.66666666667;True;True;True
GOIÁS;GO_FOMENTO_022024.pdf;0.25;0.1;0.1;20;2500000.0;False;ESTADO;5;2;2;125000.0;625000.0;250000.0;250000.0;True;True;True
GOIÁS;GO_FOMENTO_032024.pdf;0.25;0.1;0.1;36;2500000.0;False;ESTADO;9;3;3;69444.44444444444;625000.0;208333.3333333333;208333.3333333333;True;True;True
GOIÁS;GO_FOMENTO_042024.pdf;0.25;0.1;0.1;39;1000000.0;False;ESTADO;9;3;3;25641.02564102564;230769.23076923075;76923.07692307692;76923.07692307692;True;True;True
GOIÁS;GO_FOMENTO_052024.pdf;0.25;0.1;0.1;20;2000000.0;False;ESTADO;5;2;2;100000.0;500000.0;200000.0;200000.0;True;True;True
GOIÁS;GO_FOMENTO_062024.pdf;0.25;0.1;0.1;13;1000000.0;False;ESTADO;3;1;1;76923.07692307692;230769.23076923075;76923.07692307692;76923.07692307692;True;True;True
GOIÁS;GO_FOMENTO_072024.pdf;0.25;0.1;0.1;18;1000000.0;False;ESTADO;4;1;1;55555.555555555555;222222.22222222222;55555.555555555555;55555.555555555555;True;True;True
GOIÁS;GO_FOMENTO_082024.pdf;0.25;0.1;0.1;22;2000000.0;False;ESTADO;5;2;2;90909.09090909091;454545.4545454546;181818.18181818182;181818.18181818182;True;True;True
GOIÁS;GO_FOMENTO_092024.pdf;0.25;0.1;0.1;62;2000000.0;False;ESTADO;15;6;6;32258.064516129034;483870.9677419355;193548.3870967742;193548.3870967742;True;True;True
GOIÁS;GO_FOMENTO_102024.pdf;0.25;0.1;0.1;73;4000000.0;False;ESTADO;18;7;7;54794.520547945205;986301.3698630137;383561.6438356164;383561.6438356164;True;True;True
GOIÁS;GO_FOMENTO_112024.pdf;0.25;0.1;0.1;22;2000000.0;False;ESTADO;5;2;2;90909.09090909091;454545.4545454546;181818.18181818182;181818.18181818182;True;True;True
GOIÁS;GO_FOMENTO_122024.pdf;0.25;0.1;0.1;12;1500000.0;False;ESTADO;3;1;1;125000.0;375000.0;125000.0;125000.0;True;True;True
GOIÁS;GO_FOMENTO_132024.pdf;0.25;0.1;0.1;25;1000000.0;False;ESTADO;6;2;2;40000.0;240000.0;80000.0;80000.0;True;True;True
GOIÁS;GO_FOMENTO_142024.pdf;0.25;0.1;0.1;27;3500000.0;False;ESTADO;6;2;2;129629.62962962964;777777.7777777778;259259.25925925927;259259.25925925927;True;True;True
GOIÁS;GO_FOMENTO_162024.pdf;0.25;0.1;0.1;32;6050000.0;False;ESTADO;8;3;3;189062.5;1512500.0;567187.5;567187.5;True;True;True
GOIÁS;GO_FOMENTO_172024.pdf;0.25;0.1;0.1;10;1000000.0;False;ESTADO;2;1;1;100000.0;200000.0;100000.0;100000.0;True;True;True
GOIÁS;GO_SUBSÍDIO_152024.pdf;0.2368;0.0789;0.0789;38;4950000.0;False;ESTADO;8;2;2;130263.15789473684;1042105.2631578947;260526.31578947368;260526.31578947368;False;False;True
MARANHÃO;MA_CULTURAVIVA_022025.pdf;0.25;0.1;0.05;209;6450000.0;False;ESTADO;52;20;10;30861.244019138758;1604784.6889952153;617224.8803827751;308612.44019138755;True;True;True
MARANHÃO;MA_FOMENTO_012025.pdf;0.2031;0.1042;;192;6300000.0;False;ESTADO;38;20;;32812.5;1246875.0;656250.0;;False;True;False
MARANHÃO;MA_FOMENTO_042025.pdf;0.25;0.1;0.05;30;5700000.0;False;ESTADO;7;3;1;190000.0;1330000.0;570000.0;190000.0;True;True;True
MARANHÃO;MA_FOMENTO_052025.pdf;0.25;0.1;0.05;35;4900000.0;False;ESTADO;8;3;1;140000.0;1120000.0;420000.0;140000.0;True;True;True
MARANHÃO;MA_PRÊMIO_032025.pdf;0.25;0.1;0.05;310;5700000.0;False;ESTADO;77;31;15;18387.09677419355;1415806.4516129033;570000.0;275806.4516129032;True;True;True
MATO GROSSO;MT_CULTURAVIVA_242024.pdf;0.25;0.1;0.05;23;2760000.0;False;ESTADO;5;2;1;120000.0;600000.0;240000.0;120000.0;True;True;True
MATO GROSSO;MT_CULTURAVIVA_252024.pdf;;;;1;488000.0;False;ESTADO;;;;488000.0;;;;False;False;False
MATO GROSSO;MT_FOMENTO_132024.pdf;0.25;0.1;0.05;10;1000000.0;False;ESTADO;2;1;0;100000.0;200000.0;100000.0;0.0;True;True;True
MATO GROSSO;MT_FOMENTO_152024.pdf;0.25;0.1;0.05;8;640000.0;False;ESTADO;2;0;0;80000.0;160000.0;0.0;0.0;True;True;True
MATO GROSSO;MT_FOMENTO_172024.pdf;0.25;0.1;0.05;53;4500000.0;False;ESTADO;13;5;2;84905.6603773585;1103773.5849056605;424528.30188679247;169811.320754717;True;True;True
MATO GROSSO;MT_FOMENTO_182024.pdf;0.21;0.1;0.05;100;7300000.0;False;ESTADO;21;10;5;73000.0;1533000.0;730000.0;365000.0;False;True;True
MATO GROSSO;MT_FOMENTO_232024.pdf;0.25;0.1;0.05;23;1400000.0;False;ESTADO;5;2;1;60869.565217391304;304347.82608695654;121739.13043478261;60869.565217391304;True;True;True
MATO GROSSO;MT_PRÊMIO_162024.pdf;0.25;0.1;0.05;12;360000.0;False;ESTADO;3;1;0;30000.0;90000.0;30000.0;0.0;True;True;True
MATO GROSSO DO SUL;MS_BOLSA_042025.pdf;0.25;0.1;0.05;32;600000.0;False;ESTADO;8;3;1;18750.0;150000.0;56250.0;18750.0;True;True;True
MATO GROSSO DO SUL;MS_CULTURAVIVA_162024.pdf;0.25;0.15;0.075;40;2428000.0;False;ESTADO;10;6;3;60700.0;607000.0;364200.0;182100.0;True;True;True
MATO GROSSO DO SUL;MS_CULTURAVIVA_172024.pdf;0.25;0.1;0.05;2;600000.0;False;ESTADO;0;0;0;300000.0;0.0;0.0;0.0;True;True;True
MATO GROSSO DO SUL;MS_FOMENTO_012025.pdf;0.25;0.1;0.05;4;400000.0;False;ESTADO;1;0;0;100000.0;100000.0;0.0;0.0;True;True;True
MATO GROSSO DO SUL;MS_FOMENTO_052025.pdf;0.2;0.1;0.05;;1000000.0;False;ESTADO;;;;;;;;False;True;True
MATO GROSSO DO SUL;MS_FOMENTO_062025.pdf;0.25;0.1;0.05;50;750000.0;False;ESTADO;12;5;2;15000.0;180000.0;75000.0;30000.0;True;True;True
MATO GROSSO DO SUL;MS_FOMENTO_072025.pdf;0.25;0.1;0.05;39;500000.0;False;ESTADO;9;3;1;12820.51282051282;115384.61538461538;38461.53846153846;12820.51282051282;True;True;True
MATO GROSSO DO SUL;MS_FOMENTO_082025.pdf;0.25;0.1;0.05;32;700000.0;False;ESTADO;8;3;1;21875.0;175000.0;65625.0;21875.0;True;True;True
MATO GROSSO DO SUL;MS_FOMENTO_092025.pdf;0.25;0.1;0.05;90;300000.0;False;ESTADO;22;9;4;3333.3333333333335;73333.33333333334;30000.0;13333.333333333334;True;True;True
MATO GROSSO DO SUL;MS_FOMENTO_102025.pdf;0.25;0.1;0.05;7;2100000.0;False;ESTADO;1;0;0;300000.0;300000.0;0.0;0.0;True;True;True
MATO GROSSO DO SUL;MS_FOMENTO_132024.pdf;0.25;0.1;0.05;40;400.0;False;ESTADO;10;4;2;10.0;100.0;40.0;20.0;True;True;True
MATO GROSSO DO SUL;MS_FOMENTO_142024.pdf;0.25;0.1;0.05;12;200000.0;False;ESTADO;3;1;0;16666.666666666668;50000.0;16666.666666666668;0.0;True;True;True
MATO GROSSO DO SUL;MS_FOMENTO_152024.pdf;0.2;0.1;0.06;30;300000.0;False;ESTADO;6;3;1;10000.0;60000.0;30000.0;10000.0;False;True;True
MATO GROSSO DO SUL;MS_FOMENTO_182024.pdf;0.25;0.1;0.05;;600.0;False;ESTADO;;;;;;;;True;True;True
MATO GROSSO DO SUL;MS_FOMENTO_192024.pdf;0.2;0.2;0.1667;30;300000.0;False;ESTADO;6;6;5;10000.0;60000.0;60000.0;50000.0;False;True;True
MATO GROSSO DO SUL;MS_FOMENTO_202024.pdf;0.07;0.01;0.05;100;650000.0;False;ESTADO;7;1;5;6500.0;45500.0;6500.0;32500.0;False;False;True
MATO GROSSO DO SUL;MS_FOMENTO_222024.pdf;0.25;0.1;0.05;;900.0;False;ESTADO;;;;;;;;True;True;True
MATO GROSSO DO SUL;MS_FOMENTO_232024.pdf;0.07;0.07;1.0;30;300000.0;False;ESTADO;2;2;30;10000.0;20000.0;20000.0;300000.0;False;False;True
MATO GROSSO DO SUL;MS_FOMENTO_242024.pdf;0.25;0.1;0.05;20;1500000.0;False;ESTADO;5;2;1;75000.0;375000.0;150000.0;75000.0;True;True;True
MATO GROSSO DO SUL;MS_FOMENTO_252024.pdf;0.25;0.1;0.05;20;1000000.0;False;ESTADO;5;2;1;50000.0;250000.0;100000.0;50000.0;True;True;True
MATO GROSSO DO SUL;MS_FOMENTO_262024.pdf;0.25;0.1;0.05;18;1500.0;False;ESTADO;4;1;0;83.33333333333333;333.3333333333333;83.33333333333333;0.0;True;True;True
MATO GROSSO DO SUL;MS_FOMENTO_272024.pdf;0.25;0.1;0.05;14;1000000.0;False;ESTADO;3;1;0;71428.57142857143;214285.71428571432;71428.57142857143;0.0;True;True;True
MATO GROSSO DO SUL;MS_PRÊMIO_022025.pdf;0.25;0.1;;20;100000.0;False;ESTADO;5;2;;5000.0;25000.0;10000.0;;True;True;False
MATO GROSSO DO SUL;MS_PRÊMIO_102024.pdf;;;;75;450000.0;False;ESTADO;;;;6000.0;;;;False;False;False
MATO GROSSO DO SUL;MS_PRÊMIO_112024.pdf;0.2;0.1;0.05;20;300000.0;False;ESTADO;4;2;1;15000.0;60000.0;30000.0;15000.0;False;True;True
MATO GROSSO DO SUL;MS_PRÊMIO_112025.pdf;0.15;0.1;;20;100000.0;False;ESTADO;3;2;;5000.0;15000.0;10000.0;;False;True;False
MINAS GERAIS;MG_BOLSA_122024.pdf;0.2564;0.1026;0.0513;117;2275000.0;False;ESTADO;29;12;6;19444.444444444445;563888.8888888889;233333.33333333334;116666.66666666667;True;True;True
MINAS GERAIS;MG_BOLSA_132024.pdf;;;;104;1462500.0;False;ESTADO;;;;14062.5;;;;False;False;False
MINAS GERAIS;MG_CULTURAVIVA_032024.pdf;0.25;0.1;0.05;147;12600000.0;False;ESTADO;36;14;7;85714.28571428571;3085714.2857142854;1200000.0;600000.0;True;True;True
MINAS GERAIS;MG_CULTURAVIVA_042024.pdf;0.25;0.1;0.05;144;4320000.0;False;ESTADO;36;14;7;30000.0;1080000.0;420000.0;210000.0;True;True;True
MINAS GERAIS;MG_FOMENTO_052024.pdf;0.2529;0.1034;0.0517;174;9700000.0;False;ESTADO;44;17;8;55747.12643678161;2452873.563218391;947701.1494252874;445977.0114942529;True;True;True
MINAS GERAIS;MG_FOMENTO_062024.pdf;;;;286;7150000.0;False;ESTADO;;;;25000.0;;;;False;False;False
MINAS GERAIS;MG_FOMENTO_072024.pdf;;;;215;5340000.0;False;ESTADO;;;;24837.20930232558;;;;False;False;False
MINAS GERAIS;MG_FOMENTO_082024.pdf;;;;347;13262500.0;False;ESTADO;;;;38220.461095100865;;;;False;False;False
MINAS GERAIS;MG_FOMENTO_102024.pdf;;;;201;8820000.0;False;ESTADO;;;;43880.59701492537;;;;False;False;False
MINAS GERAIS;MG_FOMENTO_112024.pdf;0.2512;0.0985;0.0542;203;16400000.0;False;ESTADO;50;19;11;80788.17733990148;4039408.866995074;1534975.369458128;888669.9507389163;True;False;True
MINAS GERAIS;MG_PRÊMIO_022024.pdf;0.25;0.1;0.05;2114;39787500.0;False;ESTADO;528;211;105;18820.955534531695;9937464.522232736;3971221.6177861877;1976200.331125828;True;True;True
MINAS GERAIS;MG_SUBSÍDIO_092024.pdf;;;;;8895000.0;False;ESTADO;;;;;;;;False;False;False
PARANÁ;PARANÁ_CULTURA_VIVA_002.pdf;0.25;0.1;0.05;24;5825997.24;False;ESTADO;6;2;1;242749.885;1456499.31;485499.77;242749.885;True;True;True
PARANÁ;PARANÁ_CULTURA_VIVA_004.pdf;0.25;0.1;0.05;38;5475586.34;False;ESTADO;9;3;1;144094.37736842106;1296849.3963157895;432283.1321052632;144094.37736842106;True;True;True
PARANÁ;PARANÁ_CULTURA_VIVA_006.pdf;0.25;0.1;0.05;60;3300000.0;False;ESTADO;15;6;3;55000.0;825000.0;330000.0;165000.0;True;True;True
PARANÁ;PARANÁ_FOMENTO_001.pdf;0.25;0.1;0.05;;34050000.0;False;ESTADO;;;;;;;;True;True;True
PARANÁ;PARANÁ_FOMENTO_0022.pdf;0.25;0.1;0.05;120;571428.56;False;ESTADO;30;12;6;4761.904666666667;142857.14;57142.85600000001;28571.428000000004;True;True;True
PARANÁ;PARANÁ_FOMENTO_1233.pdf;0.25;0.1;0.05;;8750000.0;False;ESTADO;;;;;;;;True;True;True
PARANÁ;PARANÁ_PREMIO_02.pdf;0.25;0.1;0.05;50;1500000.0;False;ESTADO;12;5;2;30000.0;360000.0;150000.0;60000.0;True;True;True
PARANÁ;PARANÁ_SUBISIDIO_008.pdf;0.25;0.1;0.05;16;3300000.0;False;ESTADO;4;1;0;206250.0;825000.0;206250.0;0.0;True;True;True
PARANÁ;PARANÁ_SUBSÍDIO_X.pdf;0.4;0.1;0.05;4;1499999.84;False;ESTADO;1;0;0;374999.96;374999.96;0.0;0.0;True;True;True
PARAÍBA;PARAÍBA_CULTURA_VIVA_12.pdf;0.25;0.1;0.05;75;4250000.0;False;ESTADO;18;7;3;56666.666666666664;1020000.0;396666.6666666666;170000.0;True;True;True
PARAÍBA;PARAÍBA_Edital_de_Bolsa_1.pdf;0.25;0.1;0.05;350;3500000.0;False;ESTADO;87;35;17;10000.0;870000.0;350000.0;170000.0;True;True;True
PARAÍBA;PARAÍBA_Edital_de_Premiação_1.pdf;0.25;0.1;0.05;35;1995000.0;False;ESTADO;8;3;1;57000.0;456000.0;171000.0;57000.0;True;True;True
PARAÍBA;PARAÍBA_Edital_de_Premiação_2.pdf;0.25;0.1;0.05;120;600000.0;False;ESTADO;30;12;6;5000.0;150000.0;60000.0;30000.0;True;True;True
PARAÍBA;PARAÍBA_Edital_de_Premiação_3.pdf;0.25;0.1;0.05;160;1000000.0;False;ESTADO;40;16;8;6250.0;250000.0;100000.0;50000.0;True;True;True
PARAÍBA;PARAÍBA_Edital_de_Premiação_4.pdf;0.25;0.1;0.05;240;2400000.0;False;ESTADO;60;24;12;10000.0;600000.0;240000.0;120000.0;True;True;True
PARAÍBA;PARAÍBA_Edital_de_Premiação_5.pdf;;;0.05;55;800000.0;False;ESTADO;;;2;14545.454545454546;;;29090.909090909092;False;False;True
PARAÍBA;PARAÍBA_Edital_de_Premiação_6.pdf;;;0.05;55;800000.0;False;ESTADO;;;2;14545.454545454546;;;29090.909090909092;False;False;True
PARAÍBA;PARAÍBA_Edital_de_Premiação_7.pdf;;;0.05;55;800000.0;False;ESTADO;;;2;14545.454545454546;;;29090.909090909092;False;False;True
PARAÍBA;PARAÍBA_Edital_de_Premiação_8.pdf;0.25;0.1;0.05;120;2400000.0;False;ESTADO;30;12;6;20000.0;600000.0;240000.0;120000.0;True;True;True
PARAÍBA;PARAÍBA_FOMENTO_ 0013.pdf;0.25;0.1;0.05;222;8500000.0;False;ESTADO;55;22;11;38288.28828828829;2105855.855855856;842342.3423423424;421171.1711711712;True;True;True
PARAÍBA;PARAÍBA_FOMENTO_014.pdf;0.25;0.1;0.05;90;1800000.0;False;ESTADO;22;9;4;20000.0;440000.0;180000.0;80000.0;True;True;True
PARAÍBA;PARAÍBA_operacionalizacao.pdf;;;;22;;False;ESTADO;;;;;;;;False;False;False
PARAÍBA;PARAÍBA_PREMIAÇÃO CULTURAL_009.pdf;0.25;0.1;0.05;120;600000.0;False;ESTADO;30;12;6;5000.0;150000.0;60000.0;30000.0;True;True;True
PARAÍBA;PARAÍBA_PREMIAÇÃO_0018.pdf;0.25;0.1;0.05;131;1355000.0;False;ESTADO;32;13;6;10343.511450381679;330992.3664122137;134465.64885496182;62061.06870229007;True;True;True
PARAÍBA;PARAÍBA_PREMIAÇÃO_011.pdf;0.25;0.1;0.05;80;2400000.0;False;ESTADO;20;8;4;30000.0;600000.0;240000.0;120000.0;True;True;True
PARAÍBA;PARAÍBA_PREMIAÇÃO_10.pdf;0.25;0.1;0.05;120;2400000.0;False;ESTADO;30;12;6;20000.0;600000.0;240000.0;120000.0;True;True;True
PARÁ;PARÁ_CULTURA_VIVA_003.pdf;0.25;0.1;0.05;40;5000000.0;False;ESTADO;10;4;2;125000.0;1250000.0;500000.0;250000.0;True;True;True
PARÁ;PARÁ_FOMENTO_002_2025.pdf;0.25;0.1;0.1;474;18487819.0;False;ESTADO;118;47;47;39003.83755274262;4602452.8312236285;1833180.364978903;1833180.364978903;True;True;True
PARÁ;PARÁ_FOMENTO_004.pdf;0.25;0.1;0.1;252;4621949.37;False;ESTADO;63;25;25;18341.06892857143;1155487.3425;458526.72321428574;458526.72321428574;True;True;True
PARÁ;PARÁ_FOMENTO_005.pdf;0.25;0.1;0.1;308;18487819.0;False;ESTADO;77;30;30;60025.38636363636;4621954.75;1800761.5909090908;1800761.5909090908;True;True;True
PARÁ;PARÁ_PREMIAÇÃO_006.pdf;0.25;0.1;0.05;183;5490000.0;False;ESTADO;45;18;9;30000.0;1350000.0;540000.0;270000.0;True;True;True
PARÁ;PARÁ_PREMIAÇÃO_008_2025.pdf;0.25;0.1;0.05;200;4621954.74;False;ESTADO;50;20;10;23109.7737;1155488.685;462195.47400000005;231097.73700000002;True;True;True
PARÁ;PARÁ_SUBSÍDIO_007.pdf;0.25;0.1;0.05;30;2731708.8;False;ESTADO;7;3;1;91056.95999999999;637398.72;273170.88;91056.95999999999;True;True;True
PERNAMBUCO;PERNAMBUCO_Edital_de_Bolsas_1.pdf;0.25;0.1;0.05;260;9800000.0;False;ESTADO;65;26;13;37692.307692307695;2450000.0;980000.0000000001;490000.00000000006;True;True;True
PERNAMBUCO;PERNAMBUCO_Edital_de_Fomento_1.pdf;0.25;0.1;0.05;900;33950000.0;False;ESTADO;225;90;45;37722.22222222222;8487500.0;3394999.9999999995;1697499.9999999998;True;True;True
PERNAMBUCO;PERNAMBUCO_Edital_de_Premiação_1.pdf;0.25;0.1;0.05;780;9177166.6;False;ESTADO;195;78;39;11765.598205128204;2294291.65;917716.6599999999;458858.32999999996;True;True;True
PERNAMBUCO;PERNAMBUCO_Edital_de_Premiação_3.pdf;;0.1;0.05;100;1000000.0;False;ESTADO;;10;5;10000.0;;100000.0;50000.0;False;True;True
PERNAMBUCO;PERNAMBUCO_Edital_de_Premiação_5.pdf;0.25;0.1;0.05;100;2500000.0;False;ESTADO;25;10;5;25000.0;625000.0;250000.0;125000.0;True;True;True
PERNAMBUCO;PERNAMBUCO_Edital_TCC_-_Pontos_PNCV_1.pdf;0.25;0.1;0.05;80;7700000.0;False;ESTADO;20;8;4;96250.0;1925000.0;770000.0;385000.0;True;True;True
PERNAMBUCO;PERNAMBUCO_Edital_TCC_-_Pontões_PNCV_1.pdf;0.25;0.1;0.05;6;1800000.0;False;ESTADO;1;0;0;300000.0;300000.0;0.0;0.0;True;True;True
PIAUÍ;PIAUÍ_Edital_de_Fomento_1.pdf;0.25;0.1;0.05;130;6500000.0;False;ESTADO;32;13;6;50000.0;1600000.0;650000.0;300000.0;True;True;True
PIAUÍ;PIAUÍ_Edital_de_Fomento_2.pdf;0.25;0.1;0.05;110;12000000.0;False;ESTADO;27;11;5;109090.90909090909;2945454.5454545454;1200000.0;545454.5454545454;True;True;True
PIAUÍ;PIAUÍ_Edital_de_Premiação_1.pdf;0.25;0.1;0.05;251;2248000.0;False;ESTADO;62;25;12;8956.175298804781;555282.8685258965;223904.3824701195;107474.10358565737;True;True;True
PIAUÍ;PIAUÍ_Edital_TCC_-_Pontos_PNCV_1.pdf;0.25;0.1;0.05;27;2700000.0;False;ESTADO;6;2;1;100000.0;600000.0;200000.0;100000.0;True;True;True
PIAUÍ;PIAUÍ_Edital_TCC_-_Pontões_PNCV_1.pdf;0.25;0.1;0.05;2;600000.0;False;ESTADO;0;0;0;300000.0;0.0;0.0;0.0;True;True;True
RIO DE JANEIRO;RIO DE JANEIRO_CULTURA VIVA_2.pdf;0.25;0.1;0.05;373;17730000.0;False;ESTADO;93;37;18;47533.512064343166;4420616.621983915;1758739.9463806972;855603.2171581769;True;True;True
RIO DE JANEIRO;RIO DE JANEIRO_CULTURA_VIVA.pdf;;;;2;4800000.0;False;ESTADO;;;;2400000.0;;;;False;False;False
RIO DE JANEIRO;RIO DE JANEIRO_Edital_de_Fomento_1.pdf;0.25;0.1;0.05;55;5000000.0;False;ESTADO;13;5;2;90909.09090909091;1181818.1818181819;454545.4545454546;181818.18181818182;True;True;True
RIO DE JANEIRO;RIO DE JANEIRO_Edital_de_Fomento_2.pdf;0.25;0.1;0.05;300;21000000.0;False;ESTADO;75;30;15;70000.0;5250000.0;2100000.0;1050000.0;True;True;True
RIO DE JANEIRO;RIO DE JANEIRO_Edital_de_Fomento_3.pdf;0.25;0.1;0.05;92;21000000.0;False;ESTADO;23;9;4;228260.86956521738;5250000.0;2054347.8260869563;913043.4782608695;True;True;True
RIO DE JANEIRO;RIO DE JANEIRO_Edital_de_Fomento_4.pdf;0.25;0.1;0.05;30;6500000.0;False;ESTADO;7;3;1;216666.66666666666;1516666.6666666665;650000.0;216666.66666666666;True;True;True
RIO DE JANEIRO;RIO DE JANEIRO_Edital_de_Fomento_5.pdf;0.25;0.1;0.05;200;11000000.0;False;ESTADO;50;20;10;55000.0;2750000.0;1100000.0;550000.0;True;True;True
RIO GRANDE DO NORTE;RIO GRANDE DO NORTE_Edital_de_Fomento_1.pdf;0.25;0.1;0.05;34;1480000.0;False;ESTADO;8;3;1;43529.41176470588;348235.29411764705;130588.23529411765;43529.41176470588;True;True;True
RIO GRANDE DO NORTE;RIO GRANDE DO NORTE_Edital_de_Fomento_2.pdf;0.25;0.1;0.05;34;1240000.0;False;ESTADO;8;3;1;36470.58823529412;291764.70588235295;109411.76470588235;36470.58823529412;True;True;True
RIO GRANDE DO NORTE;RIO GRANDE DO NORTE_Edital_de_Fomento_3.pdf;0.25;0.1;0.05;66;1360000.0;False;ESTADO;16;6;3;20606.060606060608;329696.9696969697;123636.36363636365;61818.18181818182;True;True;True
RIO GRANDE DO NORTE;RIO GRANDE DO NORTE_Edital_de_Fomento_4.pdf;0.25;0.1;0.05;47;1800000.0;False;ESTADO;11;4;2;38297.87234042553;421276.59574468085;153191.48936170212;76595.74468085106;True;True;True
RIO GRANDE DO NORTE;RIO GRANDE DO NORTE_Edital_de_Fomento_5.pdf;0.25;0.1;0.05;38;920000.0;False;ESTADO;9;3;1;24210.526315789473;217894.73684210525;72631.57894736843;24210.526315789473;True;True;True
RIO GRANDE DO NORTE;RIO GRANDE DO NORTE_Edital_de_Fomento_6.pdf;0.25;0.1;0.05;58;1680000.0;False;ESTADO;14;5;2;28965.51724137931;405517.2413793104;144827.58620689655;57931.03448275862;True;True;True
RIO GRANDE DO NORTE;RIO GRANDE DO NORTE_Edital_de_Fomento_7.pdf;0.25;0.1;0.05;62;1480000.0;False;ESTADO;15;6;3;23870.967741935485;358064.51612903224;143225.8064516129;71612.90322580645;True;True;True
RIO GRANDE DO NORTE;RIO GRANDE DO NORTE_Edital_de_Premiação_1.pdf;;;0.05;40;1200000.0;False;ESTADO;;;2;30000.0;;;60000.0;False;False;True
RIO GRANDE DO NORTE;RIO GRANDE DO NORTE_Edital_de_Premiação_2.pdf;;;0.05;22;660000.0;False;ESTADO;;;1;30000.0;;;30000.0;False;False;True
RIO GRANDE DO NORTE;RIO GRANDE DO NORTE_Edital_de_Premiação_3.pdf;0.25;0.1;0.05;;1200000.0;False;ESTADO;;;;;;;;True;True;True
RIO GRANDE DO NORTE;RIO GRANDE DO NORTE_Edital_de_Premiação_4.pdf;0.25;0.1;0.05;;1125000.0;False;ESTADO;;;;;;;;True;True;True
RIO GRANDE DO NORTE;RIO GRANDE DO NORTE_Edital_Premiação_-_Pontos_e_Pontões_PNCV_1.pdf;0.25;0.1;0.05;84;3360000.0;False;ESTADO;21;8;4;40000.0;840000.0;320000.0;160000.0;True;True;True
RIO GRANDE DO NORTE;RIO GRANDE DO NORTE_Edital_TCC_-_Pontos_e_Pontões_PNCV_1.pdf;;;;2;600000.0;False;ESTADO;;;;300000.0;;;;False;False;False
RIO GRANDE DO NORTE;RIO GRANDE DO NORTE_FOMENTO_0044.pdf;0.25;0.1;0.05;46;920000.0;False;ESTADO;11;4;2;20000.0;220000.0;80000.0;40000.0;True;True;True
RIO GRANDE DO NORTE;RIO GRANDE DO NORTE_FOMENTO_01.pdf;0.25;0.1;0.05;110;750000.0;False;ESTADO;27;11;5;6818.181818181818;184090.9090909091;75000.0;34090.90909090909;True;True;True
RIO GRANDE DO NORTE;RIO GRANDE DO NORTE_FOMENTO_2.pdf;0.25;0.1;0.05;30;620000.0;False;ESTADO;7;3;1;20666.666666666668;144666.6666666667;62000.0;20666.666666666668;True;True;True
RIO GRANDE DO NORTE;RIO GRANDE DO NORTE_FOMENTO_22.pdf;0.25;0.1;0.05;140;3660000.0;False;ESTADO;35;14;7;26142.85714285714;915000.0;366000.0;183000.0;True;True;True
RIO GRANDE DO NORTE;RIO GRANDE DO NORTE_FOMENTO_3.pdf;;;0.05;30;620000.0;False;ESTADO;;;1;20666.666666666668;;;20666.666666666668;False;False;True
RIO GRANDE DO NORTE;RIO GRANDE DO NORTE_FOMENTO_99.pdf;0.25;0.1;0.05;30;920000.0;False;ESTADO;7;3;1;30666.666666666668;214666.6666666667;92000.0;30666.666666666668;True;True;True
RIO GRANDE DO NORTE;RIO GRANDE DO NORTE_PREMIAÇÃO_003.pdf;0.25;0.1;0.05;;400000.0;False;ESTADO;;;;;;;;True;True;True
RIO GRANDE DO NORTE;RIO GRANDE DO NORTE_SUBSÍDIO_24.pdf;0.25;0.1;0.05;24;960000.0;False;ESTADO;6;2;1;40000.0;240000.0;80000.0;40000.0;True;True;True
RIO GRANDE DO SUL;RIO GRANDE DO SUL_Edital_de_Fomento_1.pdf;;;;67;7900000.0;False;ESTADO;;;;117910.44776119402;;;;False;False;False
RIO GRANDE DO SUL;RIO GRANDE DO SUL_Edital_de_Fomento_2.pdf;0.2632;0.1053;0.0526;38;4100000.0;False;ESTADO;10;4;1;107894.73684210527;1078947.3684210526;431578.94736842107;107894.73684210527;True;True;True
RIO GRANDE DO SUL;RIO GRANDE DO SUL_Edital_de_Fomento_3.pdf;;;;30;4000000.0;False;ESTADO;;;;133333.33333333334;;;;False;False;False
RIO GRANDE DO SUL;RIO GRANDE DO SUL_Edital_de_Fomento_4.pdf;0.25;0.08;0.04;86;8000000.0;False;ESTADO;21;6;3;93023.25581395348;1953488.372093023;558139.5348837209;279069.76744186046;True;False;False
RIO GRANDE DO SUL;RIO GRANDE DO SUL_Edital_de_Fomento_5.pdf;;;;30;4000000.0;False;ESTADO;;;;133333.33333333334;;;;False;False;False
RIO GRANDE DO SUL;RIO GRANDE DO SUL_Edital_de_Fomento_6.pdf;0.22;0.06;0.03;69;10650000.0;False;ESTADO;15;4;2;154347.8260869565;2315217.3913043477;617391.304347826;308695.652173913;False;False;False
RIO GRANDE DO SUL;RIO GRANDE DO SUL_Edital_de_Fomento_7.pdf;;;;49;7800000.0;False;ESTADO;;;;159183.67346938775;;;;False;False;False
RIO GRANDE DO SUL;RIO GRANDE DO SUL_Edital_TCC_-_Pontos_e_Pontões_PNCV_1.pdf;0.25;0.1;0.05;63;9000000.0;False;ESTADO;15;6;3;142857.14285714287;2142857.142857143;857142.8571428573;428571.42857142864;True;True;True
RORAIMA;001_2025-fomento-edital-de-chamamento-pablico-nao-0012025.pdf;0.25;0.15;0.05;241;8178650.0;False;ESTADO;60;36;12;33936.307053941906;2036178.4232365144;1221707.0539419085;407235.68464730284;True;True;True
RORAIMA;002_2025-premiacao-edital-de-chamamento-pablico-nao-0022025-premiacao.pdf;0.25;0.15;0.05;;2782706.0;False;ESTADO;;;;;;;;True;True;True
RORAIMA;003_2025-subsidio-edital-de-chamamento-pablico-nao-0032025-subsadio.pdf;0.25;0.15;0.05;;1000000.0;False;ESTADO;;;;;;;;True;True;True
RORAIMA;004_2025-pontos-edital-chamamento-pablico-nao-0042025-pontos-de-cultura.pdf;0.25;0.15;0.05;20;1444328.08;False;ESTADO;5;3;1;72216.40400000001;361082.02;216649.21200000003;72216.40400000001;True;True;True
RORAIMA;005_2025-pontao-edital-chamamento-pablico-nao-0052025-pontao-de-cultura.pdf;0.25;0.15;0.05;1;361082.01;False;ESTADO;0;0;0;361082.01;0.0;0.0;0.0;True;True;True
SANTA CATARINA;SANTA CATARINA_Cultura Viva.pdf;0.5;0.5;0.5;3;900000.0;False;ESTADO;1;1;1;300000.0;300000.0;300000.0;300000.0;True;True;True
SANTA CATARINA;SANTA CATARINA_CULTURA_VIVA_02.pdf;0.25;0.1;0.05;110;4950000.0;False;ESTADO;27;11;5;45000.0;1215000.0;495000.0;225000.0;True;True;True
SANTA CATARINA;Santa Catarina_FOMENTO_04.pdf;0.24;0.09;0.09;96;9600000.0;False;ESTADO;23;8;8;100000.0;2300000.0;800000.0;800000.0;False;False;True
SANTA CATARINA;SANTA CATARINA_FOMENTO_435.pdf;0.2565;0.1017;0.0531;659;22220000.0;False;ESTADO;169;67;34;33717.75417298938;5698300.455235205;2259089.529590288;1146403.641881639;True;True;True
SANTA CATARINA;SANTA CATARINA_PREMIAÇÃO.pdf;0.25;0.1;0.05;140;3150000.0;False;ESTADO;35;14;7;22500.0;787500.0;315000.0;157500.0;True;True;True
SANTA CATARINA;SANTA CATARINA_PREMIAÇÃO_X.pdf;0.25;0.1;0.05;35;1050000.0;False;ESTADO;8;3;1;30000.0;240000.0;90000.0;30000.0;True;True;True
SERGIPE;SERGIPE_CULTURA VIVA_03.pdf;0.25;0.1;0.05;15;1500000.0;False;ESTADO;3;1;0;100000.0;300000.0;100000.0;0.0;True;True;True
SERGIPE;SERGIPE_CULTURA VIVA_04.pdf;0.25;0.1;0.05;2;600000.0;False;ESTADO;0;0;0;300000.0;0.0;0.0;0.0;True;True;True
SERGIPE;SERGIPE_CULTURA VIVA_05.pdf;0.25;0.1;0.05;80;950000.0;False;ESTADO;20;8;4;11875.0;237500.0;95000.0;47500.0;True;True;True
SERGIPE;SERGIPE_FOMENTO_02.pdf;0.25;0.1;0.05;10;400000.0;False;ESTADO;2;1;0;40000.0;80000.0;40000.0;0.0;True;True;True
SERGIPE;SERGIPE_FOMENTO_06.pdf;0.25;0.1;0.05;21;3000000.0;False;ESTADO;5;2;1;142857.14285714287;714285.7142857143;285714.28571428574;142857.14285714287;True;True;True
SERGIPE;SERGIPE_FOMENTO_07.pdf;0.25;0.1;0.05;40;1040000.0;False;ESTADO;10;4;2;26000.0;260000.0;104000.0;52000.0;True;True;True
SERGIPE;SERGIPE_FOMENTO_09.pdf;0.25;0.1;0.05;25;1440000.0;False;ESTADO;6;2;1;57600.0;345600.0;115200.0;57600.0;True;True;True
SERGIPE;SERGIPE_Subsidio-08_2025.pdf;0.25;0.1;0.05;39;3120000.0;False;ESTADO;9;3;1;80000.0;720000.0;240000.0;80000.0;True;True;True
SÃO PAULO;SÃO PAULO_Edital_de_Fomento_1.pdf;0.25;0.1;0.05;30;3000000.0;False;ESTADO;7;3;1;100000.0;700000.0;300000.0;100000.0;True;True;True
SÃO PAULO;SÃO PAULO_Edital_de_Fomento_10.pdf;0.25;0.1;0.05;40;20000000.0;False;ESTADO;10;4;2;500000.0;5000000.0;2000000.0;1000000.0;True;True;True
SÃO PAULO;SÃO PAULO_Edital_de_Fomento_12.pdf;0.25;0.1;0.05;20;5000000.0;False;ESTADO;5;2;1;250000.0;1250000.0;500000.0;250000.0;True;True;True
SÃO PAULO;SÃO PAULO_Edital_de_Fomento_13.pdf;0.25;0.1;0.05;40;15000000.0;False;ESTADO;10;4;2;375000.0;3750000.0;1500000.0;750000.0;True;True;True
SÃO PAULO;SÃO PAULO_Edital_de_Fomento_15.pdf;0.25;0.1;0.05;30;9000000.0;False;ESTADO;7;3;1;300000.0;2100000.0;900000.0;300000.0;True;True;True
SÃO PAULO;SÃO PAULO_Edital_de_Fomento_16.pdf;0.25;0.1;0.05;20;3000000.0;False;ESTADO;5;2;1;150000.0;750000.0;300000.0;150000.0;True;True;True
SÃO PAULO;SÃO PAULO_Edital_de_Fomento_17.pdf;0.25;0.1;0.05;20;3000000.0;False;ESTADO;5;2;1;150000.0;750000.0;300000.0;150000.0;True;True;True
SÃO PAULO;SÃO PAULO_Edital_de_Fomento_18.pdf;0.25;0.1;0.05;20;3000000.0;False;ESTADO;5;2;1;150000.0;750000.0;300000.0;150000.0;True;True;True
SÃO PAULO;SÃO PAULO_Edital_de_Fomento_19.pdf;0.25;0.1;0.05;20;3000000.0;False;ESTADO;5;2;1;150000.0;750000.0;300000.0;150000.0;True;True;True
SÃO PAULO;SÃO PAULO_Edital_de_Fomento_2.pdf;0.25;0.1;0.05;30;22500000.0;False;ESTADO;7;3;1;750000.0;5250000.0;2250000.0;750000.0;True;True;True
SÃO PAULO;SÃO PAULO_Edital_de_Fomento_20.pdf;0.25;0.1;0.05;20;3000000.0;False;ESTADO;5;2;1;150000.0;750000.0;300000.0;150000.0;True;True;True
SÃO PAULO;SÃO PAULO_Edital_de_Fomento_25.pdf;0.25;0.1;0.05;22;33000000.0;False;ESTADO;5;2;1;1500000.0;7500000.0;3000000.0;1500000.0;True;True;True
SÃO PAULO;SÃO PAULO_Edital_de_Fomento_32.pdf;0.25;0.1;0.05;10;9000000.0;False;ESTADO;2;1;0;900000.0;1800000.0;900000.0;0.0;True;True;True
SÃO PAULO;SÃO PAULO_Edital_de_Fomento_33.pdf;0.25;0.1;0.05;10;3750000.0;False;ESTADO;2;1;0;375000.0;750000.0;375000.0;0.0;True;True;True
SÃO PAULO;SÃO PAULO_Edital_de_Fomento_5.pdf;0.25;0.1;0.05;14;700000.0;False;ESTADO;3;1;0;50000.0;150000.0;50000.0;0.0;True;True;True
SÃO PAULO;SÃO PAULO_Edital_de_Fomento_6.pdf;0.25;0.1;0.05;22;6600000.0;False;ESTADO;5;2;1;300000.0;1500000.0;600000.0;300000.0;True;True;True
SÃO PAULO;SÃO PAULO_Edital_de_Fomento_7.pdf;0.25;0.1;0.05;20;3000000.0;False;ESTADO;5;2;1;150000.0;750000.0;300000.0;150000.0;True;True;True
SÃO PAULO;SÃO PAULO_Edital_de_Fomento_8.pdf;0.25;0.1;0.05;20;2000000.0;False;ESTADO;5;2;1;100000.0;500000.0;200000.0;100000.0;True;True;True
SÃO PAULO;SÃO PAULO_Edital_de_Fomento_9.pdf;0.25;0.1;0.05;60;6000000.0;False;ESTADO;15;6;3;100000.0;1500000.0;600000.0;300000.0;True;True;True
SÃO PAULO;SÃO PAULO_Edital_de_Premiação_1.pdf;0.25;0.1;0.05;20;2000000.0;False;ESTADO;5;2;1;100000.0;500000.0;200000.0;100000.0;True;True;True
SÃO PAULO;SÃO PAULO_Edital_de_Premiação_2.pdf;0.25;0.1;0.05;20;1600000.0;False;ESTADO;5;2;1;80000.0;400000.0;160000.0;80000.0;True;True;True
SÃO PAULO;SÃO PAULO_Edital_de_Subsídio_1.pdf;0.25;0.1;0.05;20;6000000.0;False;ESTADO;5;2;1;300000.0;1500000.0;600000.0;300000.0;True;True;True
SÃO PAULO;SÃO PAULO_Edital_de_Subsídio_2.pdf;0.25;0.1;0.05;20;4000000.0;False;ESTADO;5;2;1;200000.0;1000000.0;400000.0;200000.0;True;True;True
SÃO PAULO;SÃO PAULO_Edital_de_Subsídio_a_Espaços_Culturais_1.pdf;0.25;0.1;0.05;80;40000000.0;False;ESTADO;20;8;4;500000.0;10000000.0;4000000.0;2000000.0;True;True;True
SÃO PAULO;SÃO PAULO_Edital_de_Subsídio_a_Espaços_Culturais_2.pdf;0.25;0.1;0.05;20;15000000.0;False;ESTADO;5;2;1;750000.0;3750000.0;1500000.0;750000.0;True;True;True
SÃO PAULO;SÃO PAULO_Edital_de_Subsídio_a_Espaços_Culturais_3.pdf;0.25;0.1;0.05;10;3000000.0;False;ESTADO;2;1;0;300000.0;600000.0;300000.0;0.0;True;True;True
SÃO PAULO;SÃO PAULO_Edital_de_Subsídio_a_Espaços_Culturais_4.pdf;0.25;0.1;0.05;40;12000000.0;False;ESTADO;10;4;2;300000.0;3000000.0;1200000.0;600000.0;True;True;True
SÃO PAULO;SÃO PAULO_Edital_Premiação_-_Pontos_e_Pontões_PNCV_1.pdf;0.25;0.1;0.05;150;6300000.0;False;ESTADO;37;15;7;42000.0;1554000.0;630000.0;294000.0;True;True;True
SÃO PAULO;SÃO PAULO_Edital_TCC_-_Pontos_PNCV_1.pdf;0.25;0.1;0.05;130;22100000.0;False;ESTADO;32;13;6;170000.0;5440000.0;2210000.0;1020000.0;True;True;True
SÃO PAULO;SÃO PAULO_Edital_TCC_-_Pontões_PNCV_1.pdf;0.25;0.1;0.05;8;5200000.0;False;ESTADO;2;0;0;650000.0;1300000.0;0.0;0.0;True;True;True
TOCANTINS;TOCANTINS_Edital_de_Bolsa_1.pdf;0.25;0.1;0.05;;500000.0;False;ESTADO;;;;;;;;True;True;True
TOCANTINS;TOCANTINS_Edital_de_Bolsa_2.pdf;;;0.05;20;600000.0;False;ESTADO;;;1;30000.0;;;30000.0;False;False;True
TOCANTINS;TOCANTINS_Edital_de_Bolsa_3.pdf;;;0.05;20;600000.0;False;ESTADO;;;1;30000.0;;;30000.0;False;False;True
TOCANTINS;TOCANTINS_Edital_de_Fomento_1.pdf;0.25;0.1;0.05;;4825000.0;False;ESTADO;;;;;;;;True;True;True
TOCANTINS;TOCANTINS_Edital_de_Fomento_2.pdf;0.25;0.1;0.05;77;2360000.0;False;ESTADO;19;7;3;30649.35064935065;582337.6623376623;214545.45454545456;91948.05194805196;True;True;True
TOCANTINS;TOCANTINS_Edital_de_Fomento_3.pdf;0.25;0.1;0.05;77;2360000.0;False;ESTADO;19;7;3;30649.35064935065;582337.6623376623;214545.45454545456;91948.05194805196;True;True;True
TOCANTINS;TOCANTINS_Edital_de_Fomento_4.pdf;0.25;0.1;0.05;77;2360000.0;False;ESTADO;19;7;3;30649.35064935065;582337.6623376623;214545.45454545456;91948.05194805196;True;True;True
TOCANTINS;TOCANTINS_Edital_de_Fomento_5.pdf;0.25;0.1;0.05;22;3570000.0;False;ESTADO;5;2;1;162272.72727272726;811363.6363636364;324545.45454545453;162272.72727272726;True;True;True
TOCANTINS;TOCANTINS_Edital_de_Subsídio_a_Espaços_Culturais_1.pdf;0.25;0.1;0.05;50;4000000.0;False;ESTADO;12;5;2;80000.0;960000.0;400000.0;160000.0;True;True;True
TOCANTINS;TOCANTINS_Edital_Premiação_-_Pontos_e_Pontões_PNCV_1.pdf;0.25;0.1;0.05;35;1230000.0;False;ESTADO;8;3;1;35142.857142857145;281142.85714285716;105428.57142857143;35142.857142857145;True;True;True
TOCANTINS;TOCANTINS_Edital_TCC_-_Pontos_PNCV_1.pdf;0.25;0.1;0.05;6;780000.0;False;ESTADO;1;0;0;130000.0;130000.0;0.0;0.0;True;True;True
TOCANTINS;TOCANTINS_Edital_TCC_-_Pontões_PNCV_1.pdf;;;;1;360000.0;False;ESTADO;;;;360000.0;;;;False;False;False
TOCANTINS;TOCATINS_FOMENTO_33.pdf;0.25;;0.05;70;1125000.0;False;ESTADO;17;;3;16071.42857142857;273214.2857142857;;48214.28571428571;True;False;True
AMAZONAS;2025-01_AMAZONAS_FOMENTO.pdf;0.25;0.25;0.05;18;930000.0;True;ESTADO;4;4;0;51666.666666666664;206666.66666666666;206666.66666666666;0.0;True;True;True
AMAZONAS;2025-02_AMAZONAS_SUBSÍDIO.pdf;0.24;0.24;0.12;25;3000000.0;True;ESTADO;6;6;3;120000.0;720000.0;720000.0;360000.0;False;True;True
AMAZONAS;2025-03_AMAZONAS_CULTURAVIVA.pdf;0.25;0.25;0.03;28;150000.0;True;ESTADO;7;7;0;5357.142857142857;37500.0;37500.0;0.0;True;True;False
AMAZONAS;2025-04_AMAZONAS_CULTURAVIVA.pdf;0.28;0.28;0.07;14;420000.0;True;ESTADO;3;3;0;30000.0;90000.0;90000.0;0.0;True;True;True
AMAZONAS;2025-05_AMAZONAS_CULTURAVIVA.pdf;0.0;0.5;0.0;2;384988.4;True;ESTADO;0;1;0;192494.2;0.0;192494.2;0.0;False;True;False
AMAZONAS;2025-06_AMAZONAS_FOMENTO.pdf;0.25;0.25;0.05;40;1400000.0;True;ESTADO;10;10;2;35000.0;350000.0;350000.0;70000.0;True;True;True
RONDÔNIA;2025-03_RO_CULTURAVIVA.pdf;0.16;0.03;0.03;30;3060000.0;True;ESTADO;4;0;0;102000.0;408000.0;0.0;0.0;False;False;False
RONDÔNIA;2025-04_RO_CULTURAVIVA.pdf;0.2;0.05;0.05;40;1200000.0;True;ESTADO;8;2;2;30000.0;240000.0;60000.0;60000.0;False;False;True
RONDÔNIA;2025-05_RO_PRÊMIO.pdf;0.26;0.1;0.04;50;500000.0;True;ESTADO;13;5;2;10000.0;130000.0;50000.0;20000.0;True;True;False
RONDÔNIA;2025-08_RO_PRÊMIO.pdf;0.25;0.1;0.05;40;1100000.0;True;ESTADO;10;4;2;27500.0;275000.0;110000.0;55000.0;True;True;True
ARACAJU;2024-09_ARACAJU_BOLSA.pdf.pdf;;;;5;250000.0;False;CAPITAL;;;;50000.0;;;;False;False;False
ARACAJU;2024-12_ARACAJU_CULTURAVIVA.pdf.pdf;0.25;0.1;0.05;12;330085.32;False;CAPITAL;3;1;0;27507.11;82521.33;27507.11;0.0;True;True;True
ARACAJU;2024-11_ARACAJU_CULTURAVIVA.pdf.pdf;0.25;0.1;0.05;10;800000.0;False;CAPITAL;2;1;0;80000.0;160000.0;80000.0;0.0;True;True;True
ARACAJU;2025-06_ARACAJU_FOMENTO.pdf;0.25;0.1;0.05;60;2420000.0;False;CAPITAL;15;6;3;40333.333333333336;605000.0;242000.0;121000.0;True;True;True
BELÉM;2024-04_BELÉM_FOMENTO.pdf.pdf;0.25;0.1;0.05;100;5224089.0;False;CAPITAL;25;10;5;52240.89;1306022.25;522408.9;261204.45;True;True;True
BELO HORIZONTE;2024-01_BH_CULTURAVIVA.pdf;0.25;0.1;0.05;124;4060000.0;False;CAPITAL;31;12;6;32741.935483870966;1015000.0;392903.2258064516;196451.6129032258;True;True;True
BELO HORIZONTE;2024-02_BH_PRÊMIO.pdf;0.25;0.1;0.05;219;5580000.0;False;CAPITAL;54;21;10;25479.45205479452;1375890.410958904;535068.493150685;254794.52054794523;True;True;True
BELO HORIZONTE;2024-03_BH_FOMENTO.pdf;0.25;0.1;0.05;79;5990000.0;False;CAPITAL;19;7;3;75822.78481012658;1440632.9113924052;530759.4936708861;227468.35443037975;True;True;True
BOA VISTA;2025-05_BOAVISTA_CULTURAVIVA.pdf;0.25;0.1;0.05;5;450000.0;False;CAPITAL;1;0;0;90000.0;90000.0;0.0;0.0;True;True;True
BOA VISTA;2025-06_BOAVISTA_FOMENTO.pdf;;;;1;472868.0;False;CAPITAL;;;;472868.0;;;;False;False;False
BOA VISTA;2025-04_BOAVISTA_FOMENTO.pdf;0.25;0.1;0.05;259;2643100.0;False;CAPITAL;64;25;12;10205.019305019305;653121.2355212355;255125.4826254826;122460.23166023166;True;True;True
CAMPO GRANDE;2025-13_CAMPOGRANDE_FOMENTO.pdf;0.25;0.1;0.1;25;1197706.2;False;CAPITAL;6;2;2;47908.248;287449.488;95816.496;95816.496;True;True;True
CAMPO GRANDE;2024-12_CAMPOGRANDE_SUBSÍDIO.pdf;0.25;0.1;0.1;30;1431877.6;False;CAPITAL;7;3;3;47729.253333333334;334104.7733333333;143187.76;143187.76;True;True;True
CAMPO GRANDE;2024-13_CAMPOGRANDE_FOMENTO.pdf;0.25;0.1;0.1;50;2004628.5;False;CAPITAL;12;5;5;40092.57;481110.83999999997;200462.85;200462.85;True;True;True
CAMPO GRANDE;2024-14_CAMPOGRANDE_FOMENTO.pdf;0.26;0.1;0.06;50;2004628.5;False;CAPITAL;13;5;3;40092.57;521203.41;200462.85;120277.70999999999;True;True;True
CUIABÁ;2024-02_CUIABÁ_SUBSÍDIO.pdf;0.25;0.1;0.05;6;120000.0;False;CAPITAL;1;0;0;20000.0;20000.0;0.0;0.0;True;True;True
CUIABÁ;2024-03_CUIABÁ_CULTURAVIVA.pdf;0.25;0.1;0.05;39;1050000.0;False;CAPITAL;9;3;1;26923.076923076922;242307.6923076923;80769.23076923077;26923.076923076922;True;True;True
CUIABÁ;2024-01_CUIABÁ_FOMENTO.pdf;0.25;0.1;0.05;89;2530000.0;False;CAPITAL;22;8;4;28426.96629213483;625393.2584269663;227415.73033707865;113707.86516853933;True;True;True
CURITIBA;2025-10_CURITIBA_CULTURAVIVA.pdf.pdf;0.25;0.1;0.05;55;1674000.0;False;CAPITAL;13;5;2;30436.363636363636;395672.7272727273;152181.81818181818;60872.72727272727;True;True;True
CURITIBA;2024-31_CURITIBA_CULTURAVIVA.pdf.pdf;0.25;0.1;0.05;94;2844000.0;False;CAPITAL;23;9;4;30255.31914893617;695872.340425532;272297.87234042556;121021.27659574468;True;True;True
CURITIBA;2024-32_CURITIBA_FOMENTO.pdf;0.25;0.1;0.05;225;7840000.0;False;CAPITAL;56;22;11;34844.444444444445;1951288.888888889;766577.7777777778;383288.8888888889;True;True;True
FLORIANÓPOLIS;2024-44_FLORIPA_FOMENTO.pdf;0.2;0.2;0.2;5;250000.0;False;CAPITAL;1;1;1;50000.0;50000.0;50000.0;50000.0;False;True;True
FLORIANÓPOLIS;2024-46_FLORIPA_PRÊMIO.pdf;0.24;0.1;0.04;29;290000.0;False;CAPITAL;6;2;1;10000.0;60000.0;20000.0;10000.0;False;True;False
FLORIANÓPOLIS;2024-45_FLORIPA_FOMENTO.pdf.pdf;0.25;0.0833;0.0556;36;900000.0;False;CAPITAL;9;2;2;25000.0;225000.0;50000.0;50000.0;True;False;True
FLORIANÓPOLIS;2024-47_FLORIPA_CULTURAVIVA.pdf;0.25;0.1;0.05;45;900000.0;False;CAPITAL;11;4;2;20000.0;220000.0;80000.0;40000.0;True;True;True
FLORIANÓPOLIS;2024-41_FLORIPA_FOMENTO.pdf.pdf;0.24;0.1;0.04;29;1015000.0;False;CAPITAL;6;2;1;35000.0;210000.0;70000.0;35000.0;False;True;False
FORTALEZA;2025-10_FORTALEZA_FOMENTO.pdf;;;1.0;26;350272.0;False;CAPITAL;;;26;13472.0;;;350272.0;False;False;True
FORTALEZA;2025-09_FORTALEZA_PRÊMIO.pdf;0.25;;0.1;30;2000000.0;False;CAPITAL;7;;3;66666.66666666667;466666.6666666667;;200000.0;True;False;True
FORTALEZA;2025-07_FORTALEZA_PRÊMIO.pdf;;;;48;1622228.16;False;CAPITAL;;;;33796.42;;;;False;False;False
FORTALEZA;2025-01_FORTALEZA_PRÊMIO.pdf;0.25;0.1;0.1;16;288000.0;False;CAPITAL;4;1;1;18000.0;72000.0;18000.0;18000.0;True;True;True
FORTALEZA;2024-30_FORTALEZA_FOMENTO.pdf;;;;12;523104.55;False;CAPITAL;;;;43592.04583333333;;;;False;False;False
FORTALEZA;2024-26_FORTALEZA_FOMENTO.pdf;0.25;0.1;0.1;12;577489.37;False;CAPITAL;3;1;1;48124.114166666666;144372.3425;48124.114166666666;48124.114166666666;True;True;True
FORTALEZA;2024-25_FORTALEZA_FOMENTO.pdf;;;;3;1600000.0;False;CAPITAL;;;;533333.3333333334;;;;False;False;False
FORTALEZA;2024-23_FORTALEZA_FOMENTO.pdf;0.25;0.1;0.1;20;500000.0;False;CAPITAL;5;2;2;25000.0;125000.0;50000.0;50000.0;True;True;True
FORTALEZA;2024-22_FORTALEZA_FOMENTO.pdf;0.25;0.1;0.1;6;150000.0;False;CAPITAL;1;0;0;25000.0;25000.0;0.0;0.0;True;True;True
FORTALEZA;2024-21_FORTALEZA_FOMENTO.pdf;0.25;0.1;0.1;36;480000.0;False;CAPITAL;9;3;3;13333.333333333334;120000.0;40000.0;40000.0;True;True;True
FORTALEZA;2024-19_FORTALEZA_FOMENTO.pdf;0.25;0.1;0.1;24;480000.0;False;CAPITAL;6;2;2;20000.0;120000.0;40000.0;40000.0;True;True;True
FORTALEZA;2024-18_FORTALEZA_FOMENTO.pdf;0.25;0.1;0.1;20;480000.0;False;CAPITAL;5;2;2;24000.0;120000.0;48000.0;48000.0;True;True;True
GOIÂNIA;2024-10_GOIÂNIA_FOMENTO.pdf;0.25;0.1;0.05;42;421392.11;False;CAPITAL;10;4;2;10033.145476190475;100331.45476190475;40132.5819047619;20066.29095238095;True;True;True
GOIÂNIA;2024-09_GOIÂNIA_FOMENTO.pdf;0.25;0.1;0.05;29;485313.39;False;CAPITAL;7;2;1;16734.94448275862;117144.61137931034;33469.88896551724;16734.94448275862;True;True;True
GOIÂNIA;2024-12_GOIÂNIA_SUBSÍDIO.pdf;0.25;0.1;0.05;57;948000.0;False;CAPITAL;14;5;2;16631.57894736842;232842.10526315786;83157.8947368421;33263.15789473684;True;True;True
GOIÂNIA;2024-11_GOIÂNIA_FOMENTO.pdf;0.25;0.1;0.05;3;960784.25;False;CAPITAL;0;0;0;320261.4166666667;0.0;0.0;0.0;True;True;True
GOIÂNIA;2024-13_GOIÂNIA_CULTURAVIVA.pdf;0.25;0.1;0.05;40;2401960.5;False;CAPITAL;10;4;2;60049.0125;600490.125;240196.05;120098.025;True;True;True
GOIÂNIA;2024-08_GOIÂNIA_FOMENTO.pdf;0.25;0.1;0.05;57;3910000.0;False;CAPITAL;14;5;2;68596.49122807017;960350.8771929824;342982.45614035084;137192.98245614034;True;True;True
JOÃO PESSOA;2024-08_JOAOPESSOA_BOLSA.pdf;0.26;0.13;0.06;15;200000.0;False;CAPITAL;3;1;0;13333.333333333334;40000.0;13333.333333333334;0.0;True;True;True
JOÃO PESSOA;2024-13_JOAOPESSOA_PRÊMIO.pdf;1.0;0.1;0.07;30;240000.0;False;CAPITAL;30;3;2;8000.0;240000.0;24000.0;16000.0;True;True;True
JOÃO PESSOA;2024-06_JOAOPESSOA_PRÊMIO.pdf.pdf;0.26;0.1;0.06;30;240000.0;False;CAPITAL;7;3;1;8000.0;56000.0;24000.0;8000.0;True;True;True
JOÃO PESSOA;2024-12_JOAOPESSOA_FOMENTO.pdf;0.23;0.15;0.15;13;370000.0;False;CAPITAL;2;1;1;28461.53846153846;56923.07692307692;28461.53846153846;28461.53846153846;False;True;True
JOÃO PESSOA;2024-05_JOAOPESSOA_CULTURAVIVA.pdf.pdf;0.25;0.1;0.05;14;420000.0;False;CAPITAL;3;1;0;30000.0;90000.0;30000.0;0.0;True;True;True
JOÃO PESSOA;2024-09_JOAOPESSOA_SUBSÍDIO.pdf;0.23;0.12;0.06;17;500000.0;False;CAPITAL;3;2;1;29411.764705882353;88235.29411764706;58823.529411764706;29411.764705882353;False;True;True
JOÃO PESSOA;2024-07_JOAOPESSOA_SUBSÍDIO.pdf;0.25;0.1;0.05;20;800000.0;False;CAPITAL;5;2;1;40000.0;200000.0;80000.0;40000.0;True;True;True
JOÃO PESSOA;2024-11_JOAOPESSOA_CULTURAVIVA.pdf.pdf;0.25;0.1;0.05;10;1200000.0;False;CAPITAL;2;1;0;120000.0;240000.0;120000.0;0.0;True;True;True
JOÃO PESSOA;2024-10_JOAOPESSOA_FOMENTO.pdf.pdf;0.24;0.09;0.06;75;1320000.0;False;CAPITAL;18;6;4;17600.0;316800.0;105600.0;70400.0;False;False;True
MACAPÁ;2024-03_MACAPÁ_PRÊMIO.pdf;0.25;0.1;0.05;65;600000.0;False;CAPITAL;16;6;3;9230.76923076923;147692.3076923077;55384.61538461538;27692.30769230769;True;True;True
MACAPÁ;2024-05_MACAPÁ_CULTURAVIVA.pdf.pdf;0.25;0.1;0.05;48;868254.06;False;CAPITAL;12;4;2;18088.62625;217063.515;72354.505;36177.2525;True;True;True
MACAPÁ;2024-04_MACAPÁ_FOMENTO.pdf;0.25;0.1;0.05;38;1070000.0;False;CAPITAL;9;3;1;28157.894736842107;253421.05263157896;84473.68421052632;28157.894736842107;True;True;True
MACEIÓ;2024-05_MACEIÓ_FOMENTO.pdf;0.3;0.1;0.1;20;462000.0;False;CAPITAL;6;2;2;23100.0;138600.0;46200.0;46200.0;True;True;True
MACEIÓ;2024-09_MACEIÓ_CULTURAVIVA.pdf;0.25;0.1;0.05;15;600000.0;False;CAPITAL;3;1;0;40000.0;120000.0;40000.0;0.0;True;True;True
MACEIÓ;2024-08_MACEIÓ_PRÊMIO.pdf;0.25;0.1;0.05;119;630000.0;False;CAPITAL;29;11;5;5294.117647058823;153529.41176470587;58235.294117647056;26470.58823529412;True;True;True
MACEIÓ;2024-06_MACEIÓ_FOMENTO.pdf;0.28;0.1;0.09;46;733500.0;False;CAPITAL;12;4;4;15945.652173913044;191347.82608695654;63782.608695652176;63782.608695652176;True;True;True
MACEIÓ;2024-07_MACEIÓ_FOMENTO.pdf;0.26;0.1;0.08;51;745000.0;False;CAPITAL;13;5;4;14607.843137254902;189901.96078431373;73039.21568627452;58431.37254901961;True;True;True
MACEIÓ;2024-03_MACEIÓ_FOMENTO.pdf;0.25;0.1;0.06;83;839000.0;False;CAPITAL;20;8;4;10108.43373493976;202168.6746987952;80867.46987951807;40433.73493975904;True;True;True
MACEIÓ;2024-04_MACEIÓ_FOMENTO.pdf;0.25;0.09;0.07;58;861000.0;False;CAPITAL;14;5;4;14844.827586206897;207827.58620689655;74224.13793103448;59379.31034482759;True;False;True
MACEIÓ;2024-10_MACEIÓ_CULTURAVIVA.pdf;0.25;0.1;0.05;10;1748733.4;False;CAPITAL;2;1;0;174873.34;349746.68;174873.34;0.0;True;True;True
MANAUS;2024-10_MANAUS_PRÊMIO.pdf;0.25;0.25;0.05;30;300000.0;False;CAPITAL;7;7;1;10000.0;70000.0;70000.0;10000.0;True;True;True
MANAUS;2024-03_MANAUS_FOMENTO.pdf;0.25;0.25;0.05;15;300000.0;False;CAPITAL;3;3;0;20000.0;60000.0;60000.0;0.0;True;True;True
MANAUS;2024-04_MANAUS_FOMENTO.pdf;0.25;0.25;0.05;25;400000.0;False;CAPITAL;6;6;1;16000.0;96000.0;96000.0;16000.0;True;True;True
MANAUS;2024-09_MANAUS_FOMENTO.pdf;0.25;0.25;0.05;10;500000.0;False;CAPITAL;2;2;0;50000.0;100000.0;100000.0;0.0;True;True;True
MANAUS;2024-05_MANAUS_CULTURAVIVA.pdf;0.25;0.25;0.05;36;1080000.0;False;CAPITAL;9;9;1;30000.0;270000.0;270000.0;30000.0;True;True;True
MANAUS;2024-08_MANAUS_FOMENTO.pdf;0.25;0.25;0.05;40;1197371.44;False;CAPITAL;10;10;2;29934.286;299342.86;299342.86;59868.572;True;True;True
MANAUS;2024-07_MANAUS_SUBSÍDIO.pdf;0.25;0.25;0.05;30;2400000.0;False;CAPITAL;7;7;1;80000.0;560000.0;560000.0;80000.0;True;True;True
MANAUS;2024-06_MANAUS_CULTURAVIVA.pdf;0.25;0.25;0.05;40;2400000.0;False;CAPITAL;10;10;2;60000.0;600000.0;600000.0;120000.0;True;True;True
MANAUS;2024-02_MANAUS_FOMENTO.pdf;0.2;0.2;0.06;188;4789485.7;False;CAPITAL;37;37;11;25475.98776595745;942611.5473404255;942611.5473404255;280235.8654255319;False;True;True
NATAL;2024-11_NATAL_PRÊMIO.pdf;0.25;0.1;0.05;23;138000.0;False;CAPITAL;5;2;1;6000.0;30000.0;12000.0;6000.0;True;True;True
NATAL;2024-09_NATAL_BOLSA.pdf;0.25;0.1;0.05;206;280000.0;False;CAPITAL;51;20;10;1359.2233009708739;69320.38834951457;27184.46601941748;13592.23300970874;True;True;True
NATAL;2024-10_NATAL_SUBSÍDIO.pdf.pdf;0.25;0.1;0.05;206;500000.0;False;CAPITAL;51;20;10;2427.1844660194174;123786.40776699029;48543.68932038835;24271.844660194176;True;True;True
NATAL;2024-08_NATAL_FOMENTO.pdf;0.25;0.1;0.05;59;500000.0;False;CAPITAL;14;5;2;8474.57627118644;118644.06779661018;42372.8813559322;16949.15254237288;True;True;True
NATAL;2024-16_NATAL_CULTURAVIVA.pdf;0.25;0.1;0.05;10;900000.0;False;CAPITAL;2;1;0;90000.0;180000.0;90000.0;0.0;True;True;True
NATAL;2024-15_NATAL_CULTURAVIVA.pdf;0.25;0.1;0.05;9;900000.0;False;CAPITAL;2;0;0;100000.0;200000.0;0.0;0.0;True;True;True
NATAL;2024-12_NATAL_FOMENTO.pdf.pdf;0.25;0.1;0.05;206;1990000.0;False;CAPITAL;51;20;10;9660.194174757282;492669.9029126214;193203.88349514565;96601.94174757283;True;True;True
PALMAS;2024-18_PALMAS_CULTURAVIVA.pdf;0.25;0.1;0.05;10;100000.0;False;CAPITAL;2;1;0;10000.0;20000.0;10000.0;0.0;True;True;True
PALMAS;2024-19_PALMAS_SUBSÍDIO.pdf;0.25;;;4;144000.0;False;CAPITAL;1;;;36000.0;36000.0;;;True;False;False
PALMAS;2024-15_PALMAS_FOMENTO.pdf;0.25;0.1;0.05;22;514000.0;False;CAPITAL;5;2;1;23363.636363636364;116818.18181818182;46727.27272727273;23363.636363636364;True;True;True
PALMAS;2024-17_PALMAS_CULTURAVIVA.pdf;0.25;0.1;0.05;21;542500.0;False;CAPITAL;5;2;1;25833.333333333332;129166.66666666666;51666.666666666664;25833.333333333332;True;True;True
PALMAS;2024-16_PALMAS_FOMENTO.pdf;0.25;0.1;0.05;35;814000.0;False;CAPITAL;8;3;1;23257.14285714286;186057.14285714287;69771.42857142858;23257.14285714286;True;True;True
PORTO ALEGRE;2025-01_PORTOALEGRE_CULTURAVIVA.pdf;;;;1;780000.0;False;CAPITAL;;;;780000.0;;;;False;False;False
PORTO ALEGRE;2024-02_PORTOALEGRE_PRÊMIO.pdf;0.25;0.1;0.05;50;1000000.0;False;CAPITAL;12;5;2;20000.0;240000.0;100000.0;40000.0;True;True;True
PORTO ALEGRE;2024-04_PORTOALEGRE_PRÊMIO.pdf.pdf;0.25;0.1;0.05;97;1036000.0;False;CAPITAL;24;9;4;10680.41237113402;256329.89690721646;96123.71134020618;42721.64948453608;True;True;True
PORTO ALEGRE;2024-03_PORTOALEGRE_CULTURAVIVA.pdf;0.25;0.1;0.05;30;1800000.0;False;CAPITAL;7;3;1;60000.0;420000.0;180000.0;60000.0;True;True;True
PORTO ALEGRE;2024-05_PORTOALEGRE_PRÊMIO.pdf;0.25;0.1;0.05;55;3980000.0;False;CAPITAL;13;5;2;72363.63636363637;940727.2727272728;361818.1818181818;144727.27272727274;True;True;True
PORTO VELHO;2025-06_PORTOVELHO_SUBSÍDIO.pdf;0.19;0.19;0.05;21;470000.0;False;CAPITAL;3;3;1;22380.95238095238;67142.85714285714;67142.85714285714;22380.95238095238;False;True;True
PORTO VELHO;2025-07_PORTOVELHO_CULTURAVIVA.pdf;0.25;0.1;0.05;26;510000.0;False;CAPITAL;6;2;1;19615.384615384617;117692.3076923077;39230.769230769234;19615.384615384617;True;True;True
PORTO VELHO;2025-05_PORTOVELHO_CULTURAVIVA.pdf;0.25;0.1;0.05;6;571216.27;False;CAPITAL;1;0;0;95202.71166666667;95202.71166666667;0.0;0.0;True;True;True
PORTO VELHO;2025-08_PORTOVELHO_FOMENTO.pdf;0.25;0.1;0.05;64;2121592.46;False;CAPITAL;16;6;3;33149.8821875;530398.115;198899.293125;99449.6465625;True;True;True
RECIFE;2024-01_RECIFE_FOMENTO.pdf;0.3;0.1;0.05;10;500000.0;False;CAPITAL;3;1;0;50000.0;150000.0;50000.0;0.0;True;True;True
RECIFE;2024-02_RECIFE_FOMENTO.pdf.pdf;0.3;0.1;0.05;;2099141.3;False;CAPITAL;;;;;;;;True;True;True
RECIFE;2025-01_RECIFE_CULTURAVIVA.pdf.pdf;0.3;0.1;0.05;;2800000.0;False;CAPITAL;;;;;;;;True;True;True
RECIFE;2024-03_RECIFE_FOMENTO.pdf.pdf;0.3;0.1;0.05;;4747853.3;False;CAPITAL;;;;;;;;True;True;True
RIO BRANCO;2024-09_RIOBRANCO_PRÊMIO.pdf;;1.0;;22;220000.0;False;CAPITAL;;22;;10000.0;;220000.0;;False;True;False
RIO BRANCO;2024-10_RIOBRANCO_PRÊMIO.pdf;0.2;;0.05;22;220000.0;False;CAPITAL;4;;1;10000.0;40000.0;;10000.0;False;False;True
RIO BRANCO;2024-08_RIOBRANCO_FOMENTO.pdf;0.2;;0.05;23;230000.0;False;CAPITAL;4;;1;10000.0;40000.0;;10000.0;False;False;True
RIO BRANCO;2024-07_RIOBRANCO_FOMENTO.pdf;0.2;;0.05;34;682000.0;False;CAPITAL;6;;1;20058.823529411766;120352.9411764706;;20058.823529411766;False;False;True
RIO BRANCO;2024-11_RIOBRANCO_CULTURAVIVA.pdf;0.25;0.1;0.05;32;800000.0;False;CAPITAL;8;3;1;25000.0;200000.0;75000.0;25000.0;True;True;True
RIO BRANCO;2025-01_RIOBRANCO_CULTURAVIVA.pdf;0.25;0.1;0.05;32;960000.0;False;CAPITAL;8;3;1;30000.0;240000.0;90000.0;30000.0;True;True;True
RIO BRANCO;2024-06_RIOBRANCO_BOLSA.pdf;0.25;;0.05;49;976000.0;False;CAPITAL;12;;2;19918.367346938776;239020.40816326533;;39836.73469387755;True;False;True
RIO DE JANEIRO;2024-11_RIODEJANEIRO_CULTURAVIVA.pdf;;;;1;600000.0;False;CAPITAL;;;;600000.0;;;;False;False;False
RIO DE JANEIRO;2024-12_RIODEJANEIRO_FOMENTO.pdf;0.25;0.1;0.05;;700000.0;False;CAPITAL;;;;;;;;True;True;True
RIO DE JANEIRO;2024-13_RIODEJANEIRO_FOMENTO.pdf;0.25;0.1;0.05;;1000000.0;False;CAPITAL;;;;;;;;True;True;True
RIO DE JANEIRO;2024-06_RIODEJANEIRO_CULTURAVIVA.pdf;0.25;0.1;0.05;21;2840000.0;False;CAPITAL;5;2;1;135238.09523809524;676190.4761904762;270476.1904761905;135238.09523809524;True;True;True
RIO DE JANEIRO;2024-07_RIODEJANEIRO_CULTURAVIVA.pdf;0.25;0.1;0.05;30;6600000.0;False;CAPITAL;7;3;1;220000.0;1540000.0;660000.0;220000.0;True;True;True
RIO DE JANEIRO;2023-07_RIODEJANEIRO_FOMENTO.pdf;0.2;0.1;0.05;162;25000000.0;False;CAPITAL;32;16;8;154320.98765432098;4938271.604938271;2469135.8024691357;1234567.9012345679;False;True;True
SALVADOR;2025-01_SALVADOR_FOMENTO.pdf;0.5;0.1;0.05;25;400000.0;False;CAPITAL;12;2;1;16000.0;192000.0;32000.0;16000.0;True;True;True
SALVADOR;2024-08_SALVADOR_SUBSÍDIO.pdf;0.5;0.1;0.05;20;400000.0;False;CAPITAL;10;2;1;20000.0;200000.0;40000.0;20000.0;True;True;True
SALVADOR;2024-04_SALVADOR_BOLSA.pdf;0.5;0.1;0.05;;800000.0;False;CAPITAL;;;;;;;;True;True;True
SALVADOR;2024-07_SALVADOR_FOMENTO.pdf;0.5;0.1;0.05;60;800000.0;False;CAPITAL;30;6;3;13333.333333333334;400000.0;80000.0;40000.0;True;True;True
SALVADOR;2024-10_SALVADOR_FOMENTO.pdf;0.5;0.1;0.05;2;1950000.0;False;CAPITAL;1;0;0;975000.0;975000.0;0.0;0.0;True;True;True
SALVADOR;2024-09_SALVADOR_FOMENTO.pdf;0.5;0.1;0.05;40;2000000.0;False;CAPITAL;20;4;2;50000.0;1000000.0;200000.0;100000.0;True;True;True
SALVADOR;2024-05_SALVADOR_FOMENTO.pdf;0.5;0.1;0.05;20;2000000.0;False;CAPITAL;10;2;1;100000.0;1000000.0;200000.0;100000.0;True;True;True
SALVADOR;2025-02_SALVADOR_CULTURAVIVA.pdf;0.5;0.1;0.05;82;4260000.0;False;CAPITAL;41;8;4;51951.21951219512;2130000.0;415609.756097561;207804.8780487805;True;True;True
SALVADOR;2024-03_SALVADOR_FOMENTO.pdf;0.5;0.1;0.05;30;5600000.0;False;CAPITAL;15;3;1;186666.66666666666;2800000.0;560000.0;186666.66666666666;True;True;True
SÃO LUIS;2025-08_SAOLUIS_PRÊMIO.pdf;0.25;0.1;0.05;74;500000.0;False;CAPITAL;18;7;3;6756.756756756757;121621.62162162163;47297.29729729729;20270.27027027027;True;True;True
SÃO LUIS;2025-07_SAOLUIS_CULTURAVIVA.pdf;0.25;0.1;0.05;28;950500.0;False;CAPITAL;7;2;1;33946.42857142857;237625.0;67892.85714285714;33946.42857142857;True;True;True
SÃO LUIS;2025-05_SAOLUIS_CULTURAVIVA.pdf;0.25;0.1;0.05;10;1000000.0;False;CAPITAL;2;1;0;100000.0;200000.0;100000.0;0.0;True;True;True
SÃO LUIS;2025-06_SAOLUIS_FOMENTO.pdf;0.25;0.1;0.05;182;4500000.0;False;CAPITAL;45;18;9;24725.274725274725;1112637.3626373627;445054.94505494507;222527.47252747254;True;True;True
SÃO PAULO;2025-06_SAOPAULO_FOMENTO.pdf;0.25;0.1;0.05;1;400000.0;False;CAPITAL;0;0;0;400000.0;0.0;0.0;0.0;True;True;True
SÃO PAULO;2025-03_SAOPAULO_FOMENTO.pdf;0.25;0.1;0.05;23;685200.0;False;CAPITAL;5;2;1;29791.304347826088;148956.52173913043;59582.608695652176;29791.304347826088;True;True;True
SÃO PAULO;2025-05_SAOPAULO_FOMENTO.pdf;0.25;0.1;0.05;10;800000.0;False;CAPITAL;2;1;0;80000.0;160000.0;80000.0;0.0;True;True;True
SÃO PAULO;2025-04_SAOPAULO_FOMENTO.pdf;0.25;0.37;0.06;16;800000.0;False;CAPITAL;4;5;0;50000.0;200000.0;250000.0;0.0;True;True;True
SÃO PAULO;2025-08_SAOPAULO_FOMENTO.pdf;0.25;0.1;0.05;;3000000.0;False;CAPITAL;;;;;;;;True;True;True
SÃO PAULO;2025-01_SAOPAULO_FOMENTO.pdf;0.25;0.1;0.05;15;4000000.0;False;CAPITAL;3;1;0;266666.6666666667;800000.0;266666.6666666667;0.0;True;True;True
SÃO PAULO;2025-09_SAOPAULO_FOMENTO.pdf;0.25;0.1;0.05;10;7000000.0;False;CAPITAL;2;1;0;700000.0;1400000.0;700000.0;0.0;True;True;True
SÃO PAULO;2025-02_SAOPAULO_FOMENTO.pdf.pdf;0.25;0.1;0.05;2;8000000.0;False;CAPITAL;0;0;0;4000000.0;0.0;0.0;0.0;True;True;True
SÃO PAULO;2024-36_SAOPAULO_CULTURAVIVA.pdf;0.25;0.1;0.05;510;24300000.0;False;CAPITAL;127;51;25;47647.05882352941;6051176.470588235;2430000.0;1191176.4705882354;True;True;True
TERESINA;2024-08_TERESINA_PRÊMIO.pdf;0.25;0.1;0.05;71;353008.73;False;CAPITAL;17;7;3;4971.953943661972;84523.21704225351;34803.6776056338;14915.861830985916;True;True;True
TERESINA;2024-10_TERESINA_CULTURAVIVA.pdf;0.25;0.1;0.05;30;600000.0;False;CAPITAL;7;3;1;20000.0;140000.0;60000.0;20000.0;True;True;True
TERESINA;2024-09_TERESINA_CULTURAVIVA.pdf;0.2;0.2;0.2;5;1000000.0;False;CAPITAL;1;1;1;200000.0;200000.0;200000.0;200000.0;False;True;True
TERESINA;2024-07_TERESINA_FOMENTO.pdf;0.25;0.1;0.05;37;3500000.0;False;CAPITAL;9;3;1;94594.5945945946;851351.3513513514;283783.7837837838;94594.5945945946;True;True;True
VITÓRIA;2024-06_VITÓRIA_FOMENTO.pdf;0.25;0.1;0.05;6;200000.0;False;CAPITAL;1;0;0;33333.333333333336;33333.333333333336;0.0;0.0;True;True;True
VITÓRIA;2024-05_VITÓRIA_SUBSÍDIO.pdf;0.25;0.1;0.05;18;210000.0;False;CAPITAL;4;1;0;11666.666666666666;46666.666666666664;11666.666666666666;0.0;True;True;True
VITÓRIA;2024-03_VITÓRIA_FOMENTO.pdf;;;;4;300000.0;False;CAPITAL;;;;75000.0;;;;False;False;False
VITÓRIA;2024-07_VITÓRIA_FOMENTO.pdf;0.25;0.1;;7;420000.0;False;CAPITAL;1;0;;60000.0;60000.0;0.0;;True;True;False
VITÓRIA;2024-04_VITÓRIA_FOMENTO.pdf;0.25;0.1;0.05;50;600000.0;False;CAPITAL;12;5;2;12000.0;144000.0;60000.0;24000.0;True;True;True
VITÓRIA;2024-02_VITÓRIA_CULTURAVIVA.pdf;0.25;0.1;0.05;21;610558.7;False;CAPITAL;5;2;1;29074.223809523806;145371.11904761902;58148.44761904761;29074.223809523806;True;True;True
SÃO PAULO;2024-27_SAOPAULO_FOMENTO.pdf;;;;;13700000.0;True;CAPITAL;;;;;;;;False;False;False
SÃO PAULO;2024-22_SAOPAULO_FOMENTO.pdf;;;;;2500000.0;True;CAPITAL;;;;;;;;False;False;False
FORTALEZA;2024-16_FORTALEZA_FOMENTO.pdf;0.25;0.1;0.1;30;350000.0;True;CAPITAL;7;3;3;11666.666666666666;81666.66666666666;35000.0;35000.0;True;True;True
RIO DE JANEIRO;2025-03_RIODEJANEIRO_FOMENTO.pdf;0.3;0.1;0.1;20;425000.0;True;CAPITAL;6;2;2;21250.0;127500.0;42500.0;42500.0;True;True;True
