ente_federativo;nome_pdf_pk;valor_total;perc_cotas_negras;perc_cotas_indigenas;perc_cotas_pcd;vagas_totais;exclusivo;flag_cotas_negras;flag_cotas_indigenas;flag_cotas_pcd;cod_ibge;tipo_ente;vagas_cotas_negras;vagas_cotas_indigenas;vagas_cotas_pcd;valor_por_vaga;valor_cotas_negras;valor_cotas_indigenas;valor_cotas_pcd;tipo_edital
ACRE;ACRE_BOLSA_112024.pdf;696000.0;0.26;0.12;0.12;42;;True;True;True;12;ESTADO;11;5;5;16571.428571428572;182285.7142857143;82857.14285714287;82857.14285714287;BOLSA
ACRE;ACRE_CULTURAVIVA_012025.pdf;1470000.0;0.2857;0.1429;0.1429;42;;True;True;True;12;ESTADO;12;6;6;35000.0;420000.0;210000.0;210000.0;CULTURA VIVA
ACRE;ACRE_CULTURAVIVA_122024.pdf;1672276.38;0.1667;0.1667;0.1667;30;;False;True;True;12;ESTADO;5;5;5;55742.545999999995;278712.73;278712.73;278712.73;CULTURA VIVA
ACRE;ACRE_CULTURAVIVA_132024.pdf;418069.1;0.0;0.0;0.0;1;;True;True;True;12;ESTADO;0;0;0;418069.1;0.0;0.0;0.0;CULTURA VIVA
ACRE;ACRE_FOMENTO_062024.pdf;4100000.0;0.25;0.18;0.18;122;;True;True;True;12;ESTADO;30;22;22;33606.55737704918;1008196.7213114755;739344.262295082;739344.262295082;FOMENTO
ACRE;ACRE_FOMENTO_072024.pdf;300000.0;0.278;0.111;0.05600000000000001;18;;True;True;True;12;ESTADO;5;2;1;16666.666666666668;83333.33333333334;33333.333333333336;16666.666666666668;FOMENTO
ACRE;ACRE_FOMENTO_082024.pdf;200000.0;0.5;0.0;0.0;10;;True;False;False;12;ESTADO;5;0;0;20000.0;100000.0;0.0;0.0;FOMENTO
ACRE;ACRE_FOMENTO_092024.pdf;2500000.0;0.307;0.1538;0.0769;13;;True;True;True;12;ESTADO;4;2;1;192307.6923076923;769230.7692307692;384615.3846153846;192307.6923076923;FOMENTO
ACRE;ACRE_PRÊMIO_142024.pdf;900000.0;0.2;0.2;0.2;60;;False;True;True;12;ESTADO;12;12;12;15000.0;180000.0;180000.0;180000.0;PRÊMIO
ACRE;ACRE_PRÊMIO_152024.pdf;1200000.0;0.0;1.0;0.15;80;INDÍGENA;True;True;True;12;ESTADO;0;80;12;15000.0;0.0;1200000.0;180000.0;PRÊMIO
ACRE;ACRE_SUBSÍDIO_102024.pdf;1098000.0;0.2623;0.1475;0.1148;61;;True;True;True;12;ESTADO;16;9;7;18000.0;288000.0;162000.0;126000.0;SUBSÍDIO
ALAGOAS;ALAGOAS_CULTURAVIVA_012025.pdf;2616000.0;0.25;0.0833;0.0417;24;;True;True;True;27;ESTADO;6;2;1;109000.0;654000.0;218000.0;109000.0;CULTURA VIVA
ALAGOAS;ALAGOAS_CULTURAVIVA_022025.pdf;653000.0;0.0;0.0;0.0;2;;False;True;True;27;ESTADO;0;0;0;326500.0;0.0;0.0;0.0;CULTURA VIVA
ALAGOAS;ALAGOAS_FOMENTO_072024.pdf;900000.0;0.2564;0.0769;0.0513;39;;True;False;True;27;ESTADO;10;3;2;23076.923076923078;230769.23076923078;69230.76923076923;46153.846153846156;FOMENTO
ALAGOAS;ALAGOAS_FOMENTO_082024.pdf;1100000.0;0.25;0.125;0.125;16;;True;True;True;27;ESTADO;4;2;2;68750.0;275000.0;137500.0;137500.0;FOMENTO
ALAGOAS;ALAGOAS_FOMENTO_092024.pdf;400000.0;0.2632;0.1053;0.0702;57;;True;True;True;27;ESTADO;15;6;4;7017.543859649123;105263.15789473684;42105.26315789474;28070.175438596492;FOMENTO
ALAGOAS;ALAGOAS_FOMENTO_102024.pdf;200000.0;0.2553;0.1176;0.0588;17;;True;True;True;27;ESTADO;4;2;1;11764.70588235294;47058.82352941176;23529.41176470588;11764.70588235294;FOMENTO
ALAGOAS;ALAGOAS_FOMENTO_112024.pdf;200000.0;0.2143;0.0714;0.0714;14;;True;True;True;27;ESTADO;3;1;1;14285.714285714286;42857.142857142855;14285.714285714286;14285.714285714286;FOMENTO
ALAGOAS;ALAGOAS_FOMENTO_122024.pdf;900000.0;0.2564;0.1026;0.0769;39;;True;True;True;27;ESTADO;10;4;3;23076.923076923078;230769.23076923078;92307.69230769231;69230.76923076923;FOMENTO
ALAGOAS;ALAGOAS_FOMENTO_132024.pdf;200000.0;0.25;0.1;0.075;40;;True;True;True;27;ESTADO;10;4;3;5000.0;50000.0;20000.0;15000.0;FOMENTO
ALAGOAS;ALAGOAS_FOMENTO_152024.pdf;900000.0;0.28;0.125;0.1;50;;True;True;True;27;ESTADO;14;6;5;18000.0;252000.0;108000.0;90000.0;FOMENTO
ALAGOAS;ALAGOAS_FOMENTO_172024.pdf;1398000.0;0.241;0.1084;0.0602;83;;True;True;True;27;ESTADO;20;9;5;16843.373493975905;336867.4698795181;151590.36144578314;84216.86746987952;FOMENTO
ALAGOAS;ALAGOAS_FOMENTO_182024.pdf;1010000.0;0.2571;0.1;0.0714;70;;True;True;True;27;ESTADO;18;7;5;14428.57142857143;259714.28571428574;101000.0;72142.85714285714;FOMENTO
ALAGOAS;ALAGOAS_FOMENTO_192024.pdf;1780000.0;0.253;0.0964;0.0602;83;;True;True;True;27;ESTADO;21;8;5;21445.78313253012;450361.4457831325;171566.26506024096;107228.9156626506;FOMENTO
ALAGOAS;ALAGOAS_FOMENTO_202024.pdf;1800000.0;0.2667;0.1;0.0667;90;;True;True;True;27;ESTADO;24;9;6;20000.0;480000.0;180000.0;120000.0;FOMENTO
ALAGOAS;ALAGOAS_FOMENTO_212024.pdf;1039700.0;0.241;0.1084;0.0964;83;;True;True;True;27;ESTADO;20;9;8;12526.506024096385;250530.1204819277;112738.55421686746;100212.04819277108;FOMENTO
ALAGOAS;ALAGOAS_FOMENTO_232024.pdf;2000000.0;0.2407;0.0926;0.0556;54;;True;True;True;27;ESTADO;13;5;3;37037.03703703704;481481.48148148146;185185.18518518517;111111.11111111111;FOMENTO
ALAGOAS;ALAGOAS_FOMENTO_242024.pdf;2300000.0;0.2485;0.09700000000000002;0.0424;165;;True;True;False;27;ESTADO;41;16;7;13939.39393939394;571515.1515151515;223030.30303030304;97575.75757575758;FOMENTO
ALAGOAS;ALAGOAS_FOMENTO_252024.pdf;1000000.0;0.2545;0.0909;0.0545;55;;True;False;True;27;ESTADO;14;5;3;18181.81818181818;254545.45454545453;90909.0909090909;54545.454545454544;FOMENTO
ALAGOAS;ALAGOAS_FOMENTO_262024.pdf;1000000.0;0.2353;0.0882;0.0588;34;;True;True;True;27;ESTADO;8;3;2;29411.764705882353;235294.11764705883;88235.29411764706;58823.529411764706;FOMENTO
ALAGOAS;ALAGOAS_FOMENTO_272024.pdf;1200000.0;0.2535;0.0986;0.0423;71;;True;True;False;27;ESTADO;18;7;3;16901.408450704224;304225.352112676;118309.85915492957;50704.22535211267;FOMENTO
ALAGOAS;ALAGOAS_PRÊMIO_062024.pdf;300000.0;0.26;0.1;0.06;50;;True;True;True;27;ESTADO;13;5;3;6000.0;78000.0;30000.0;18000.0;PRÊMIO
ALAGOAS;ALAGOAS_PRÊMIO_162024.pdf;300000.0;0.25;0.1;0.05;20;;True;True;True;27;ESTADO;5;2;1;15000.0;75000.0;30000.0;15000.0;PRÊMIO
ALAGOAS;ALAGOAS_PRÊMIO_222024.pdf;260000.0;0.3077;0.1538;0.0769;52;;True;True;True;27;ESTADO;16;8;4;5000.0;80000.0;40000.0;20000.0;PRÊMIO
ALAGOAS;ALAGOAS_SUBSÍDIO_302024.pdf;2160000.0;0.25;0.1;0.05;60;;True;True;True;27;ESTADO;15;6;3;36000.0;540000.0;216000.0;108000.0;SUBSÍDIO
AMAPÁ;AMAPÁ_CULTURAVIVA_062024.pdf;2116800.0;0.25;0.1;0.05;22;;True;True;True;16;ESTADO;6;2;1;96218.18181818182;577309.0909090909;192436.36363636365;96218.18181818182;CULTURA VIVA
AMAPÁ;AMAPÁ_FOMENTO_012024.pdf;2400000.0;0.2571;0.1143;0.0857;35;;True;True;True;16;ESTADO;9;4;3;68571.42857142857;617142.857142857;274285.71428571426;205714.28571428568;FOMENTO
AMAPÁ;AMAPÁ_FOMENTO_022024.pdf;1050000.0;0.25;0.1;0.05;35;;True;True;True;16;ESTADO;9;4;2;30000.0;270000.0;120000.0;60000.0;FOMENTO
AMAPÁ;AMAPÁ_FOMENTO_032024.pdf;8200000.0;0.25;0.1;0.05;410;;True;True;True;16;ESTADO;102;41;20;20000.0;2040000.0;820000.0;400000.0;FOMENTO
AMAPÁ;AMAPÁ_FOMENTO_042024.pdf;400000.0;0.25;0.1;0.05;20;;True;True;True;16;ESTADO;5;2;1;20000.0;100000.0;40000.0;20000.0;FOMENTO
AMAPÁ;AMAPÁ_SUBSÍDIO_052024.pdf;2100000.0;0.25;0.1;0.05;210;;True;True;True;16;ESTADO;52;21;10;10000.0;520000.0;210000.0;100000.0;SUBSÍDIO
AMAZONAS;AMAZONAS_FOMENTO_022024.pdf;2000000.0;0.25;0.25;0.05;52;;True;True;True;13;ESTADO;13;13;3;38461.53846153846;500000.0;500000.0;115384.61538461538;FOMENTO
AMAZONAS;AMAZONAS_FOMENTO_032024.pdf;2000000.0;0.25;0.25;0.05;44;;True;True;True;13;ESTADO;11;11;2;45454.545454545456;500000.0;500000.0;90909.09090909091;FOMENTO
AMAZONAS;AMAZONAS_FOMENTO_042024.pdf;2000000.0;0.25;0.25;0.05;32;;True;True;True;13;ESTADO;8;8;2;62500.0;500000.0;500000.0;125000.0;FOMENTO
AMAZONAS;AMAZONAS_FOMENTO_052024.pdf;2000000.0;0.1905;0.1905;0.1667;42;;False;True;True;13;ESTADO;8;8;7;47619.04761904762;380952.38095238095;380952.38095238095;333333.3333333333;FOMENTO
AMAZONAS;AMAZONAS_FOMENTO_062024.pdf;2000000.0;0.25;0.25;0.05;30;;True;True;True;13;ESTADO;8;8;2;66666.66666666667;533333.3333333334;533333.3333333334;133333.33333333334;FOMENTO
AMAZONAS;AMAZONAS_FOMENTO_072024.pdf;2000000.0;0.25;0.25;0.05;42;;True;True;True;13;ESTADO;10;10;2;47619.04761904762;476190.4761904762;476190.4761904762;95238.09523809524;FOMENTO
AMAZONAS;AMAZONAS_FOMENTO_082024.pdf;1485000.0;0.25;0.25;0.05;30;;True;True;True;13;ESTADO;8;8;2;49500.0;396000.0;396000.0;99000.0;FOMENTO
AMAZONAS;AMAZONAS_FOMENTO_092024.pdf;2000000.0;0.25;0.25;0.05;38;;True;True;True;13;ESTADO;10;10;2;52631.57894736842;526315.7894736842;526315.7894736842;105263.15789473684;FOMENTO
AMAZONAS;AMAZONAS_FOMENTO_102024.pdf;1413000.0;1.0;0.0;0.25;44;NEGRA;True;True;True;13;ESTADO;44;0;11;32113.636363636364;1413000.0;0.0;353250.0;FOMENTO
AMAZONAS;AMAZONAS_FOMENTO_112024.pdf;1413000.0;0.0;1.0;0.125;40;INDÍGENA;True;True;True;13;ESTADO;0;40;5;35325.0;0.0;1413000.0;176625.0;FOMENTO
AMAZONAS;AMAZONAS_FOMENTO_122024.pdf;1500000.0;0.25;0.25;0.05;40;;True;True;True;13;ESTADO;10;10;2;37500.0;375000.0;375000.0;75000.0;FOMENTO
AMAZONAS;AMAZONAS_FOMENTO_132024.pdf;6500000.0;0.25;0.25;0.05;106;;True;True;True;13;ESTADO;26;26;5;61320.75471698113;1594339.6226415094;1594339.6226415094;306603.77358490566;FOMENTO
AMAZONAS;2025-01_AMAZONAS_FOMENTO.pdf;930000.0;0.25;0.25;0.05;18;;True;True;True;13;ESTADO;4;4;1;51666.666666666664;206666.66666666666;206666.66666666666;51666.666666666664;FOMENTO
AMAZONAS;2025-02_AMAZONAS_SUBSÍDIO.pdf;3000000.0;0.24;0.24;0.12;25;;True;True;True;13;ESTADO;6;6;3;120000.0;720000.0;720000.0;360000.0;SUBSÍDIO
AMAZONAS;2025-03_AMAZONAS_CULTURAVIVA.pdf;150000.0;0.25;0.25;0.357;28;;True;True;True;13;ESTADO;7;7;10;5357.142857142857;37500.0;37500.0;53571.428571428565;CULTURA VIVA
AMAZONAS;2025-04_AMAZONAS_CULTURAVIVA.pdf;420000.0;0.28;0.28;0.07;14;;True;True;True;13;ESTADO;4;4;1;30000.0;120000.0;120000.0;30000.0;CULTURA VIVA
AMAZONAS;2025-05_AMAZONAS_CULTURAVIVA.pdf;384988.4;0.0;0.5;0.0;2;;False;True;False;13;ESTADO;0;1;0;192494.2;0.0;192494.2;0.0;CULTURA VIVA
AMAZONAS;2025-06_AMAZONAS_FOMENTO.pdf;1400000.0;0.25;0.25;0.05;40;;True;True;True;13;ESTADO;10;10;2;35000.0;350000.0;350000.0;70000.0;FOMENTO
ARACAJU;2024-09_ARACAJU_BOLSA.pdf.pdf;250000.0;0.0;0.0;0.0;5;;False;True;True;2800308;CAPITAL;0;0;0;50000.0;0.0;0.0;0.0;BOLSA
ARACAJU;2024-11_ARACAJU_CULTURAVIVA.pdf.pdf;800000.0;0.25;0.1;0.05;10;;True;True;True;2800308;CAPITAL;2;1;0;80000.0;160000.0;80000.0;0.0;CULTURA VIVA
ARACAJU;2025-06_ARACAJU_FOMENTO.pdf;2420000.0;0.25;0.1;0.05;60;;True;True;True;2800308;CAPITAL;15;6;3;40333.333333333336;605000.0;242000.0;121000.0;FOMENTO
ARACAJU;2024-12_ARACAJU_CULTURAVIVA.pdf.pdf;330085.32;0.25;0.1;0.05;12;;True;True;True;2800308;CAPITAL;3;1;1;27507.11;82521.33;27507.11;27507.11;CULTURA VIVA
BAHIA;BAHIA_BOLSA_242024.pdf;1200000.0;0.5;0.1;0.05;20;;True;True;True;29;ESTADO;10;2;1;60000.0;600000.0;120000.0;60000.0;BOLSA
BAHIA;BAHIA_CULTURAVIVA_252024.pdf;1980000.0;0.5;0.5;0.05;66;;True;True;True;29;ESTADO;33;33;3;30000.0;990000.0;990000.0;90000.0;CULTURA VIVA
BAHIA;BAHIA_CULTURAVIVA_262024.pdf;4220000.0;0.5;0.1;0.05;74;;True;True;True;29;ESTADO;37;7;4;57027.02702702703;2110000.0;399189.1891891892;228108.1081081081;CULTURA VIVA
BAHIA;BAHIA_CULTURAVIVA_272024.pdf;3840000.0;0.5;0.1;0.05;48;;True;True;True;29;ESTADO;24;5;2;80000.0;1920000.0;400000.0;160000.0;CULTURA VIVA
BAHIA;BAHIA_CULTURAVIVA_282024.pdf;1080000.0;0.5;0.1;0.05;27;;True;True;True;29;ESTADO;14;3;1;40000.0;560000.0;120000.0;40000.0;CULTURA VIVA
BAHIA;BAHIA_CULTURAVIVA_292024.pdf;2100000.0;0.5;0.1;0.05;7;;True;True;True;29;ESTADO;4;1;0;300000.0;1200000.0;300000.0;0.0;CULTURA VIVA
BAHIA;BAHIA_FOMENTO_052024.pdf;7250000.0;0.5;0.1;0.05;113;;True;True;True;29;ESTADO;56;11;6;64159.29203539823;3592920.353982301;705752.2123893806;384955.7522123894;FOMENTO
BAHIA;BAHIA_FOMENTO_062024.pdf;840000.0;0.5;0.1;0.05;36;;True;True;True;29;ESTADO;18;4;2;23333.333333333332;420000.0;93333.33333333333;46666.666666666664;FOMENTO
BAHIA;BAHIA_FOMENTO_072024.pdf;780000.0;0.5;0.1;0.05;12;;True;True;True;29;ESTADO;6;1;1;65000.0;390000.0;65000.0;65000.0;FOMENTO
BAHIA;BAHIA_FOMENTO_082024.pdf;6900000.0;0.5;0.1;0.05;29;;True;True;True;29;ESTADO;14;3;1;237931.0344827586;3331034.4827586208;713793.1034482758;237931.0344827586;FOMENTO
BAHIA;BAHIA_FOMENTO_092024.pdf;7200000.0;0.5;0.1;0.05;75;;True;True;True;29;ESTADO;38;8;4;96000.0;3648000.0;768000.0;384000.0;FOMENTO
BAHIA;BAHIA_FOMENTO_102024.pdf;3000000.0;0.5;0.17;0.08;12;;True;True;True;29;ESTADO;6;2;1;250000.0;1500000.0;500000.0;250000.0;FOMENTO
BAHIA;BAHIA_FOMENTO_112024.pdf;500000.0;0.5;0.1;0.1;10;;True;True;True;29;ESTADO;5;1;1;50000.0;250000.0;50000.0;50000.0;FOMENTO
BAHIA;BAHIA_FOMENTO_122024.pdf;1050000.0;0.5;0.1;0.05;21;;True;True;True;29;ESTADO;10;2;1;50000.0;500000.0;100000.0;50000.0;FOMENTO
BAHIA;BAHIA_FOMENTO_132024.pdf;1200000.0;0.5;0.12;0.0;8;;True;True;True;29;ESTADO;4;1;0;150000.0;600000.0;150000.0;0.0;FOMENTO
BAHIA;BAHIA_FOMENTO_142024.pdf;1250000.0;0.4;0.2;0.0;5;;True;True;True;29;ESTADO;2;1;0;250000.0;500000.0;250000.0;0.0;FOMENTO
BAHIA;BAHIA_FOMENTO_152024.pdf;1700000.0;0.55;0.15;0.05;40;;True;True;True;29;ESTADO;22;6;2;42500.0;935000.0;255000.0;85000.0;FOMENTO
BAHIA;BAHIA_FOMENTO_162024.pdf;5150000.0;0.5;0.1;0.05;43;;True;True;True;29;ESTADO;22;4;2;119767.44186046511;2634883.7209302327;479069.76744186046;239534.88372093023;FOMENTO
BAHIA;BAHIA_FOMENTO_172024.pdf;900000.0;0.5;0.1;0.05;20;;True;True;True;29;ESTADO;10;2;1;45000.0;450000.0;90000.0;45000.0;FOMENTO
BAHIA;BAHIA_FOMENTO_182024.pdf;1750000.0;0.5;0.1;0.05;35;;True;True;True;29;ESTADO;18;4;2;50000.0;900000.0;200000.0;100000.0;FOMENTO
BAHIA;BAHIA_FOMENTO_192024.pdf;1000000.0;0.5;0.1;0.05;33;;True;True;True;29;ESTADO;16;3;2;30303.030303030304;484848.48484848486;90909.09090909091;60606.06060606061;FOMENTO
BAHIA;BAHIA_FOMENTO_202024.pdf;3000000.0;0.5;0.1;0.05;12;;True;True;True;29;ESTADO;6;1;1;250000.0;1500000.0;250000.0;250000.0;FOMENTO
BAHIA;BAHIA_PRÊMIO_012024.pdf;900000.0;0.5;0.1;0.05;30;;True;True;True;29;ESTADO;15;3;2;30000.0;450000.0;90000.0;60000.0;PRÊMIO
BAHIA;BAHIA_PRÊMIO_022024.pdf;160000.0;0.5;0.1;0.05;16;;True;True;True;29;ESTADO;8;2;1;10000.0;80000.0;20000.0;10000.0;PRÊMIO
BAHIA;BAHIA_PRÊMIO_032024.pdf;840000.0;0.5;0.1;0.05;28;;True;True;True;29;ESTADO;14;3;1;30000.0;420000.0;90000.0;30000.0;PRÊMIO
BAHIA;BAHIA_PRÊMIO_042024.pdf;2520000.0;0.5;0.1071;0.0476;84;;True;True;True;29;ESTADO;42;9;4;30000.0;1260000.0;270000.0;120000.0;PRÊMIO
BAHIA;BAHIA_SUBSÍDIO_212024.pdf;1000000.0;0.5;0.1;0.05;20;;True;True;True;29;ESTADO;10;2;1;50000.0;500000.0;100000.0;50000.0;SUBSÍDIO
BAHIA;BAHIA_SUBSÍDIO_222024.pdf;4300000.0;0.48;0.48;0.0465116279069767;86;;True;True;True;29;ESTADO;41;41;4;50000.0;2050000.0;2050000.0;200000.0;SUBSÍDIO
BAHIA;BAHIA_SUBSÍDIO_232024.pdf;4200000.0;0.0;0.1132;0.0566;53;;True;True;True;29;ESTADO;0;6;3;79245.28301886792;0.0;475471.69811320753;237735.84905660377;SUBSÍDIO
BELÉM;2024-04_BELÉM_FOMENTO.pdf.pdf;5224089.0;0.25;0.1;0.05;100;;True;True;True;1501402;CAPITAL;25;10;5;52240.89;1306022.25;522408.9;261204.45;FOMENTO
BELO HORIZONTE;2024-01_BH_CULTURAVIVA.pdf;4060000.0;0.25;0.1;0.05;124;;True;True;True;3106200;CAPITAL;31;12;6;32741.935483870966;1015000.0;392903.2258064516;196451.6129032258;CULTURA VIVA
BELO HORIZONTE;2024-03_BH_FOMENTO.pdf;5990000.0;0.25;0.1;0.05;79;;True;True;True;3106200;CAPITAL;20;8;4;75822.78481012658;1516455.6962025317;606582.2784810127;303291.13924050634;FOMENTO
BELO HORIZONTE;2024-02_BH_PRÊMIO.pdf;5580000.0;0.25;0.1;0.05;219;;True;True;True;3106200;CAPITAL;55;22;11;25479.45205479452;1401369.8630136987;560547.9452054795;280273.97260273976;PRÊMIO
BOA VISTA;2025-05_BOAVISTA_CULTURAVIVA.pdf;450000.0;0.25;0.1;0.05;5;;True;True;True;1400100;CAPITAL;1;0;0;90000.0;90000.0;0.0;0.0;CULTURA VIVA
BOA VISTA;2025-04_BOAVISTA_FOMENTO.pdf;2643100.0;0.25;0.1;0.05;259;;True;True;True;1400100;CAPITAL;65;26;13;10205.019305019305;663326.2548262548;265330.5019305019;132665.25096525095;FOMENTO
BOA VISTA;2025-06_BOAVISTA_FOMENTO.pdf;472868.0;0.0;0.0;0.0;1;;True;True;True;1400100;CAPITAL;0;0;0;472868.0;0.0;0.0;0.0;FOMENTO
CAMPO GRANDE;2025-13_CAMPOGRANDE_FOMENTO.pdf;1197706.2;0.25;0.1;0.1;25;;True;True;True;5002704;CAPITAL;6;2;2;47908.248;287449.488;95816.496;95816.496;FOMENTO
CAMPO GRANDE;2024-13_CAMPOGRANDE_FOMENTO.pdf;2004628.5;0.25;0.1;0.1;50;;True;True;True;5002704;CAPITAL;12;5;5;40092.57;481110.83999999997;200462.85;200462.85;FOMENTO
CAMPO GRANDE;2024-12_CAMPOGRANDE_SUBSÍDIO.pdf;1431877.6;0.25;0.1;0.1;30;;True;True;True;5002704;CAPITAL;8;3;3;47729.253333333334;381834.0266666667;143187.76;143187.76;SUBSÍDIO
CAMPO GRANDE;2024-14_CAMPOGRANDE_FOMENTO.pdf;2004628.5;0.26;0.1;0.06;50;;True;True;True;5002704;CAPITAL;13;5;3;40092.57;521203.41;200462.85;120277.70999999999;FOMENTO
CEARÁ;CEARÁ_CULTURAVIVA_07.pdf;1020000.0;0.25;0.1;0.1;28;;True;True;True;23;ESTADO;7;3;3;36428.57142857143;255000.0;109285.71428571429;109285.71428571429;CULTURA VIVA
CEARÁ;CEARÁ_CULTURAVIVA_09.pdf;4560000.0;0.25;0.1;0.1;38;;True;True;True;23;ESTADO;10;4;4;120000.0;1200000.0;480000.0;480000.0;CULTURA VIVA
CEARÁ;CEARÁ_CULTURAVIVA_10.pdf;1500000.0;0.25;0.1;0.1;3;;True;True;True;23;ESTADO;1;0;0;500000.0;500000.0;0.0;0.0;CULTURA VIVA
CEARÁ;CEARÁ_CULTURAVIVA_11.pdf;1000000.0;0.25;0.1;0.1;20;;True;True;True;23;ESTADO;5;2;2;50000.0;250000.0;100000.0;100000.0;CULTURA VIVA
CEARÁ;CEARÁ_FOMENTO_01.pdf;2000000.0;0.25;0.1;0.1;20;;True;True;True;23;ESTADO;5;2;2;100000.0;500000.0;200000.0;200000.0;FOMENTO
CEARÁ;CEARÁ_FOMENTO_02.pdf;15000000.0;0.25;0.1;0.1;410;;True;True;True;23;ESTADO;102;41;41;36585.365853658535;3731707.3170731706;1500000.0;1500000.0;FOMENTO
CEARÁ;CEARÁ_FOMENTO_03.pdf;15000000.0;0.25;0.1;0.1;13;;True;True;True;23;ESTADO;3;1;1;1153846.1538461538;3461538.461538461;1153846.1538461538;1153846.1538461538;FOMENTO
CEARÁ;CEARÁ_FOMENTO_04.pdf;15900000.0;0.25;0.1;0.1;114;;True;True;True;23;ESTADO;28;11;11;139473.68421052632;3905263.157894737;1534210.5263157894;1534210.5263157894;FOMENTO
CEARÁ;CEARÁ_FOMENTO_12.pdf;2000000.0;0.25;0.1;0.1;30;;True;True;True;23;ESTADO;8;3;3;66666.66666666667;533333.3333333334;200000.0;200000.0;FOMENTO
CEARÁ;CEARÁ_FOMENTO_13.pdf;2691000.0;0.25;0.1;0.1;26;;True;True;True;23;ESTADO;6;3;3;103500.0;621000.0;310500.0;310500.0;FOMENTO
CEARÁ;CEARÁ_FOMENTO_14.pdf;2400000.0;0.25;0.1;0.1;20;;True;True;True;23;ESTADO;5;2;2;120000.0;600000.0;240000.0;240000.0;FOMENTO
CEARÁ;CEARÁ_FOMENTO_15.pdf;3000000.0;0.25;0.1;0.1;50;;True;True;True;23;ESTADO;12;5;5;60000.0;720000.0;300000.0;300000.0;FOMENTO
CEARÁ;CEARÁ_FOMENTO_16.pdf;2500000.0;0.25;0.1;0.1;16;;True;True;True;23;ESTADO;4;2;2;156250.0;625000.0;312500.0;312500.0;FOMENTO
CEARÁ;CEARÁ_FOMENTO_17.pdf;14988000.0;0.25;0.1;0.1;40;;True;True;True;23;ESTADO;10;4;4;374700.0;3747000.0;1498800.0;1498800.0;FOMENTO
CEARÁ;CEARÁ_PRÊMIO_06.pdf;1000000.0;0.25;0.1;0.1;20;;True;True;True;23;ESTADO;5;2;2;50000.0;250000.0;100000.0;100000.0;PRÊMIO
CEARÁ;SN_CEARÁ_PRÊMIO_12.pdf;3000000.0;0.5;0.5;0.0;98;NEGRA;True;True;False;23;ESTADO;49;49;0;30612.244897959183;1500000.0;1500000.0;0.0;PRÊMIO
CUIABÁ;2024-01_CUIABÁ_FOMENTO.pdf;2530000.0;0.25;0.1;0.05;89;;True;True;True;5103403;CAPITAL;22;9;4;28426.96629213483;625393.2584269663;255842.6966292135;113707.86516853933;FOMENTO
CUIABÁ;2024-03_CUIABÁ_CULTURAVIVA.pdf;1050000.0;0.25;0.1;0.05;39;;True;True;True;5103403;CAPITAL;10;4;2;26923.076923076922;269230.76923076925;107692.30769230769;53846.153846153844;CULTURA VIVA
CUIABÁ;2024-02_CUIABÁ_SUBSÍDIO.pdf;120000.0;0.25;0.1;0.05;6;;True;True;True;5103403;CAPITAL;2;1;0;20000.0;40000.0;20000.0;0.0;SUBSÍDIO
CURITIBA;2024-31_CURITIBA_CULTURAVIVA.pdf.pdf;2844000.0;0.25;0.1;0.05;94;;True;True;True;4106902;CAPITAL;24;9;5;30255.31914893617;726127.6595744682;272297.87234042556;151276.59574468085;CULTURA VIVA
CURITIBA;2025-10_CURITIBA_CULTURAVIVA.pdf.pdf;1674000.0;0.25;0.1;0.05;55;;True;True;True;4106902;CAPITAL;14;6;3;30436.363636363636;426109.0909090909;182618.18181818182;91309.09090909091;CULTURA VIVA
CURITIBA;2024-32_CURITIBA_FOMENTO.pdf;7840000.0;0.25;0.1;0.05;225;;True;True;True;4106902;CAPITAL;56;22;11;34844.444444444445;1951288.888888889;766577.7777777778;383288.8888888889;FOMENTO
DISTRITO FEDERAL;DF_CULTURAVIVA_462024.pdf;2000000.0;0.25;0.1;0.05;20;;True;True;True;53;ESTADO;5;2;1;100000.0;500000.0;200000.0;100000.0;CULTURA VIVA
DISTRITO FEDERAL;DF_CULTURAVIVA_482024.pdf;900000.0;0.25;0.1;0.05;3;;True;True;True;53;ESTADO;1;0;0;300000.0;300000.0;0.0;0.0;CULTURA VIVA
DISTRITO FEDERAL;DF_CULTURAVIVA_492024.pdf;3150000.0;0.2683;0.09759999999999999;0.0488;82;;True;True;True;53;ESTADO;22;8;4;38414.634146341465;845121.9512195123;307317.0731707317;153658.53658536586;CULTURA VIVA
DISTRITO FEDERAL;DF_FOMENTO_512024.pdf;24456206.84;0.2466;0.1507;0.1644;73;;True;True;True;53;ESTADO;18;11;12;335016.53205479454;6030297.576986302;3685181.85260274;4020198.384657535;FOMENTO
ESPÍRITO SANTO;ES_CULTURAVIVA_052024.pdf;2100000.0;0.25;0.1;0.05;50;;True;True;True;32;ESTADO;12;5;2;42000.0;504000.0;210000.0;84000.0;CULTURA VIVA
ESPÍRITO SANTO;ES_CULTURAVIVA_062024.pdf;1200000.0;0.25;0.25;0.0;4;;True;True;True;32;ESTADO;1;1;0;300000.0;300000.0;300000.0;0.0;CULTURA VIVA
ESPÍRITO SANTO;ES_CULTURAVIVA_072024.pdf;480000.0;0.25;0.1;0.0;4;;True;True;True;32;ESTADO;1;0;0;120000.0;120000.0;0.0;0.0;CULTURA VIVA
ESPÍRITO SANTO;ES_FOMENTO_022024.pdf;800000.0;0.25;0.1;0.05;20;;True;True;True;32;ESTADO;5;2;1;40000.0;200000.0;80000.0;40000.0;FOMENTO
ESPÍRITO SANTO;ES_FOMENTO_032024.pdf;1120000.0;0.25;0.1;0.05;56;;True;True;True;32;ESTADO;14;6;3;20000.0;280000.0;120000.0;60000.0;FOMENTO
ESPÍRITO SANTO;ES_FOMENTO_042024.pdf;2100000.0;0.25;0.1;0.05;50;;True;True;True;32;ESTADO;12;5;2;42000.0;504000.0;210000.0;84000.0;FOMENTO
ESPÍRITO SANTO;ES_FOMENTO_042025.pdf;3200000.0;0.25;0.1;0.05;10;;True;True;True;32;ESTADO;2;1;0;320000.0;640000.0;320000.0;0.0;FOMENTO
ESPÍRITO SANTO;ES_FOMENTO_052024.pdf;2500000.0;0.25;0.1;0.05;50;;True;True;True;32;ESTADO;12;5;2;50000.0;600000.0;250000.0;100000.0;FOMENTO
ESPÍRITO SANTO;ES_FOMENTO_062024.pdf;560000.0;0.25;0.1;0.05;14;;True;True;True;32;ESTADO;4;1;1;40000.0;160000.0;40000.0;40000.0;FOMENTO
ESPÍRITO SANTO;ES_FOMENTO_082024.pdf;1700000.0;0.25;0.1;0.05;33;;True;True;True;32;ESTADO;8;3;2;51515.15151515151;412121.2121212121;154545.45454545453;103030.30303030302;FOMENTO
ESPÍRITO SANTO;ES_FOMENTO_092024.pdf;1870000.0;0.25;0.1;0.05;26;;True;True;True;32;ESTADO;6;3;1;71923.07692307692;431538.4615384615;215769.23076923075;71923.07692307692;FOMENTO
ESPÍRITO SANTO;ES_FOMENTO_102024.pdf;3870000.0;0.25;0.1;0.05;57;;True;True;True;32;ESTADO;14;6;3;67894.73684210527;950526.3157894737;407368.4210526316;203684.2105263158;FOMENTO
ESPÍRITO SANTO;ES_FOMENTO_112024.pdf;1700000.0;0.25;0.1;0.05;47;;True;True;True;32;ESTADO;12;5;2;36170.21276595745;434042.55319148937;180851.06382978725;72340.4255319149;FOMENTO
ESPÍRITO SANTO;ES_FOMENTO_122024.pdf;1050000.0;0.25;0.1;0.05;25;;True;True;True;32;ESTADO;6;2;1;42000.0;252000.0;84000.0;42000.0;FOMENTO
ESPÍRITO SANTO;ES_FOMENTO_132024.pdf;880000.0;0.25;0.1;0.05;20;;True;True;True;32;ESTADO;5;2;1;44000.0;220000.0;88000.0;44000.0;FOMENTO
ESPÍRITO SANTO;ES_FOMENTO_142024.pdf;5600000.0;0.25;0.1;0.05;18;;True;True;True;32;ESTADO;4;2;1;311111.1111111111;1244444.4444444445;622222.2222222222;311111.1111111111;FOMENTO
ESPÍRITO SANTO;ES_FOMENTO_152024.pdf;1300000.0;0.25;0.1;0.05;30;;True;True;True;32;ESTADO;8;3;2;43333.333333333336;346666.6666666667;130000.0;86666.66666666667;FOMENTO
ESPÍRITO SANTO;ES_FOMENTO_172024.pdf;1000000.0;0.0;0.0;0.0;10;;False;False;False;32;ESTADO;0;0;0;100000.0;0.0;0.0;0.0;FOMENTO
ESPÍRITO SANTO;ES_FOMENTO_182024.pdf;400000.0;0.25;0.1;0.05;5;;True;True;True;32;ESTADO;1;0;0;80000.0;80000.0;0.0;0.0;FOMENTO
ESPÍRITO SANTO;ES_FOMENTO_192024.pdf;900000.0;0.25;0.1;0.05;20;;True;True;True;32;ESTADO;5;2;1;45000.0;225000.0;90000.0;45000.0;FOMENTO
ESPÍRITO SANTO;ES_PRÊMIO_072024.pdf;800000.0;0.0;0.0;0.0;10;;False;False;False;32;ESTADO;0;0;0;80000.0;0.0;0.0;0.0;PRÊMIO
ESPÍRITO SANTO;ES_PRÊMIO_162024.pdf;400000.0;0.0;0.0;0.0;20;;False;False;False;32;ESTADO;0;0;0;20000.0;0.0;0.0;0.0;PRÊMIO
ESPÍRITO SANTO;ES_SUBSÍDIO_032025.pdf;6000000.0;0.25;0.1;0.05;30;;True;True;True;32;ESTADO;8;3;2;200000.0;1600000.0;600000.0;400000.0;SUBSÍDIO
FLORIANÓPOLIS;2024-45_FLORIPA_FOMENTO.pdf.pdf;900000.0;0.25;0.0833;0.0556;36;;True;True;True;4205407;CAPITAL;9;3;2;25000.0;225000.0;75000.0;50000.0;FOMENTO
FLORIANÓPOLIS;2024-44_FLORIPA_FOMENTO.pdf;250000.0;0.2;0.2;0.2;5;;True;True;True;4205407;CAPITAL;1;1;1;50000.0;50000.0;50000.0;50000.0;FOMENTO
FLORIANÓPOLIS;2024-46_FLORIPA_PRÊMIO.pdf;290000.0;0.24;0.1;0.04;29;;True;True;True;4205407;CAPITAL;7;3;1;10000.0;70000.0;30000.0;10000.0;PRÊMIO
FLORIANÓPOLIS;2024-41_FLORIPA_FOMENTO.pdf.pdf;1015000.0;0.24;0.1;0.04;29;;True;True;True;4205407;CAPITAL;7;3;1;35000.0;245000.0;105000.0;35000.0;FOMENTO
FLORIANÓPOLIS;2024-47_FLORIPA_CULTURAVIVA.pdf;900000.0;0.25;0.1;0.05;45;;True;True;True;4205407;CAPITAL;11;4;2;20000.0;220000.0;80000.0;40000.0;CULTURA VIVA
FORTALEZA;2024-23_FORTALEZA_FOMENTO.pdf;500000.0;0.25;0.1;0.1;20;;True;True;True;2304400;CAPITAL;5;2;2;25000.0;125000.0;50000.0;50000.0;FOMENTO
FORTALEZA;2024-19_FORTALEZA_FOMENTO.pdf;480000.0;0.25;0.1;0.1;24;;True;True;True;2304400;CAPITAL;6;2;2;20000.0;120000.0;40000.0;40000.0;FOMENTO
FORTALEZA;2024-21_FORTALEZA_FOMENTO.pdf;480000.0;0.25;0.1;0.1;36;;True;True;True;2304400;CAPITAL;9;4;4;13333.333333333334;120000.0;53333.333333333336;53333.333333333336;FOMENTO
FORTALEZA;2024-22_FORTALEZA_FOMENTO.pdf;150000.0;0.25;0.1;0.1;6;;True;True;True;2304400;CAPITAL;2;1;1;25000.0;50000.0;25000.0;25000.0;FOMENTO
FORTALEZA;2024-18_FORTALEZA_FOMENTO.pdf;480000.0;0.25;0.1;0.1;20;;True;True;True;2304400;CAPITAL;5;2;2;24000.0;120000.0;48000.0;48000.0;FOMENTO
FORTALEZA;2024-26_FORTALEZA_FOMENTO.pdf;577489.37;0.25;0.1;0.1;12;;True;True;True;2304400;CAPITAL;3;1;1;48124.114166666666;144372.3425;48124.114166666666;48124.114166666666;FOMENTO
FORTALEZA;2025-09_FORTALEZA_PRÊMIO.pdf;2000000.0;0.25;0.0;0.1;30;;True;False;True;2304400;CAPITAL;8;0;3;66666.66666666667;533333.3333333334;0.0;200000.0;PRÊMIO
FORTALEZA;2025-01_FORTALEZA_PRÊMIO.pdf;288000.0;0.25;0.1;0.1;16;;True;True;True;2304400;CAPITAL;4;2;2;18000.0;72000.0;36000.0;36000.0;PRÊMIO
FORTALEZA;2024-25_FORTALEZA_FOMENTO.pdf;1600000.0;0.0;0.0;0.0;3;;False;True;True;2304400;CAPITAL;0;0;0;533333.3333333334;0.0;0.0;0.0;FOMENTO
FORTALEZA;2025-07_FORTALEZA_PRÊMIO.pdf;1622228.16;0.0;0.0;0.0;48;;False;False;False;2304400;CAPITAL;0;0;0;33796.42;0.0;0.0;0.0;PRÊMIO
FORTALEZA;2025-10_FORTALEZA_FOMENTO.pdf;350272.0;0.0;0.0;1.0;26;PCD;False;False;True;2304400;CAPITAL;0;0;26;13472.0;0.0;0.0;350272.0;FOMENTO
FORTALEZA;2024-30_FORTALEZA_FOMENTO.pdf;523104.55;0.0;0.0;0.0;12;;False;False;False;2304400;CAPITAL;0;0;0;43592.04583333333;0.0;0.0;0.0;FOMENTO
FORTALEZA;2024-16_FORTALEZA_FOMENTO.pdf;350000.0;0.25;0.1;0.1;30;;True;True;True;2304400;CAPITAL;8;3;3;11666.666666666666;93333.33333333333;35000.0;35000.0;FOMENTO
GOIÂNIA;2024-08_GOIÂNIA_FOMENTO.pdf;3910000.0;0.25;0.1;0.05;57;;True;True;True;5208707;CAPITAL;14;6;3;68596.49122807017;960350.8771929824;411578.947368421;205789.4736842105;FOMENTO
GOIÂNIA;2024-10_GOIÂNIA_FOMENTO.pdf;421392.11;0.25;0.1;0.05;42;;True;True;True;5208707;CAPITAL;10;4;2;10033.145476190475;100331.45476190475;40132.5819047619;20066.29095238095;FOMENTO
GOIÂNIA;2024-09_GOIÂNIA_FOMENTO.pdf;485313.39;0.25;0.1;0.05;29;;True;True;True;5208707;CAPITAL;7;3;1;16734.94448275862;117144.61137931034;50204.83344827586;16734.94448275862;FOMENTO
GOIÂNIA;2024-11_GOIÂNIA_FOMENTO.pdf;960784.25;0.25;0.1;0.05;3;;True;True;True;5208707;CAPITAL;1;0;0;320261.4166666667;320261.4166666667;0.0;0.0;FOMENTO
GOIÂNIA;2024-13_GOIÂNIA_CULTURAVIVA.pdf;2401960.5;0.25;0.1;0.05;40;;True;True;True;5208707;CAPITAL;10;4;2;60049.0125;600490.125;240196.05;120098.025;CULTURA VIVA
GOIÂNIA;2024-12_GOIÂNIA_SUBSÍDIO.pdf;948000.0;0.25;0.1;0.05;57;;True;True;True;5208707;CAPITAL;14;6;3;16631.57894736842;232842.10526315786;99789.47368421052;49894.73684210526;SUBSÍDIO
GOIÁS;GO_CULTURAVIVA_012025.pdf;1957000.0;0.3;0.1;0.1;50;;True;True;True;52;ESTADO;15;5;5;39140.0;587100.0;195700.0;195700.0;CULTURA VIVA
GOIÁS;GO_CULTURAVIVA_182024.pdf;5400000.0;0.25;0.1;0.1;40;;True;True;True;52;ESTADO;10;4;4;135000.0;1350000.0;540000.0;540000.0;CULTURA VIVA
GOIÁS;GO_CULTURAVIVA_192024.pdf;907000.0;0.25;0.1;0.1;2;;True;True;True;52;ESTADO;0;0;0;453500.0;0.0;0.0;0.0;CULTURA VIVA
GOIÁS;GO_FOMENTO_012024.pdf;1000000.0;0.25;0.1;0.1;15;;True;True;True;52;ESTADO;4;2;2;66666.66666666667;266666.6666666667;133333.33333333334;133333.33333333334;FOMENTO
GOIÁS;GO_FOMENTO_022024.pdf;2500000.0;0.25;0.1;0.1;20;;True;True;True;52;ESTADO;5;2;2;125000.0;625000.0;250000.0;250000.0;FOMENTO
GOIÁS;GO_FOMENTO_032024.pdf;2500000.0;0.25;0.1;0.1;36;;True;True;True;52;ESTADO;9;4;4;69444.44444444444;625000.0;277777.77777777775;277777.77777777775;FOMENTO
GOIÁS;GO_FOMENTO_042024.pdf;1000000.0;0.25;0.1;0.1;39;;True;True;True;52;ESTADO;10;4;4;25641.02564102564;256410.2564102564;102564.10256410256;102564.10256410256;FOMENTO
GOIÁS;GO_FOMENTO_052024.pdf;2000000.0;0.25;0.1;0.1;20;;True;True;True;52;ESTADO;5;2;2;100000.0;500000.0;200000.0;200000.0;FOMENTO
GOIÁS;GO_FOMENTO_062024.pdf;1000000.0;0.25;0.1;0.1;13;;True;True;True;52;ESTADO;3;1;1;76923.07692307692;230769.23076923075;76923.07692307692;76923.07692307692;FOMENTO
GOIÁS;GO_FOMENTO_072024.pdf;1000000.0;0.25;0.1;0.1;18;;True;True;True;52;ESTADO;4;2;2;55555.555555555555;222222.22222222222;111111.11111111111;111111.11111111111;FOMENTO
GOIÁS;GO_FOMENTO_082024.pdf;2000000.0;0.25;0.1;0.1;22;;True;True;True;52;ESTADO;6;2;2;90909.09090909091;545454.5454545454;181818.18181818182;181818.18181818182;FOMENTO
GOIÁS;GO_FOMENTO_092024.pdf;2000000.0;0.25;0.1;0.1;62;;True;True;True;52;ESTADO;16;6;6;32258.064516129034;516129.03225806454;193548.3870967742;193548.3870967742;FOMENTO
GOIÁS;GO_FOMENTO_102024.pdf;4000000.0;0.25;0.1;0.1;73;;True;True;True;52;ESTADO;18;7;7;54794.520547945205;986301.3698630137;383561.6438356164;383561.6438356164;FOMENTO
GOIÁS;GO_FOMENTO_112024.pdf;2000000.0;0.25;0.1;0.1;22;;True;True;True;52;ESTADO;6;2;2;90909.09090909091;545454.5454545454;181818.18181818182;181818.18181818182;FOMENTO
GOIÁS;GO_FOMENTO_122024.pdf;1500000.0;0.25;0.1;0.1;12;;True;True;True;52;ESTADO;3;1;1;125000.0;375000.0;125000.0;125000.0;FOMENTO
GOIÁS;GO_FOMENTO_132024.pdf;1000000.0;0.25;0.1;0.1;25;;True;True;True;52;ESTADO;6;2;2;40000.0;240000.0;80000.0;80000.0;FOMENTO
GOIÁS;GO_FOMENTO_142024.pdf;3500000.0;0.25;0.1;0.1;27;;True;True;True;52;ESTADO;7;3;3;129629.62962962964;907407.4074074074;388888.8888888889;388888.8888888889;FOMENTO
GOIÁS;GO_FOMENTO_162024.pdf;6050000.0;0.25;0.1;0.1;32;;True;True;True;52;ESTADO;8;3;3;189062.5;1512500.0;567187.5;567187.5;FOMENTO
GOIÁS;GO_FOMENTO_172024.pdf;1000000.0;0.25;0.1;0.1;10;;True;True;True;52;ESTADO;2;1;1;100000.0;200000.0;100000.0;100000.0;FOMENTO
GOIÁS;GO_SUBSÍDIO_152024.pdf;4950000.0;0.2368;0.0789;0.0789;38;;True;False;True;52;ESTADO;9;3;3;130263.15789473684;1172368.4210526315;390789.4736842105;390789.4736842105;SUBSÍDIO
JOÃO PESSOA;2024-05_JOAOPESSOA_CULTURAVIVA.pdf.pdf;420000.0;0.25;0.1;0.05;14;;True;True;True;2507507;CAPITAL;4;1;1;30000.0;120000.0;30000.0;30000.0;CULTURA VIVA
JOÃO PESSOA;2024-11_JOAOPESSOA_CULTURAVIVA.pdf.pdf;1200000.0;0.25;0.1;0.05;10;;True;True;True;2507507;CAPITAL;2;1;0;120000.0;240000.0;120000.0;0.0;CULTURA VIVA
JOÃO PESSOA;2024-13_JOAOPESSOA_PRÊMIO.pdf;240000.0;1.0;0.1;0.07;30;NEGRA;True;True;True;2507507;CAPITAL;30;3;2;8000.0;240000.0;24000.0;16000.0;PRÊMIO
JOÃO PESSOA;2024-07_JOAOPESSOA_SUBSÍDIO.pdf;800000.0;0.25;0.1;0.05;20;;True;True;True;2507507;CAPITAL;5;2;1;40000.0;200000.0;80000.0;40000.0;SUBSÍDIO
JOÃO PESSOA;2024-06_JOAOPESSOA_PRÊMIO.pdf.pdf;240000.0;0.26;0.1;0.06;30;;True;True;True;2507507;CAPITAL;8;3;2;8000.0;64000.0;24000.0;16000.0;PRÊMIO
JOÃO PESSOA;2024-09_JOAOPESSOA_SUBSÍDIO.pdf;500000.0;0.23;0.12;0.06;17;;True;True;True;2507507;CAPITAL;4;2;1;29411.764705882353;117647.05882352941;58823.529411764706;29411.764705882353;SUBSÍDIO
JOÃO PESSOA;2024-12_JOAOPESSOA_FOMENTO.pdf;370000.0;0.23;0.15;0.15;13;;True;True;True;2507507;CAPITAL;3;2;2;28461.53846153846;85384.61538461538;56923.07692307692;56923.07692307692;FOMENTO
JOÃO PESSOA;2024-08_JOAOPESSOA_BOLSA.pdf;200000.0;0.26;0.13;0.06;15;;True;True;True;2507507;CAPITAL;4;2;1;13333.333333333334;53333.333333333336;26666.666666666668;13333.333333333334;BOLSA
JOÃO PESSOA;2024-10_JOAOPESSOA_FOMENTO.pdf.pdf;1320000.0;0.24;0.09;0.06;75;;False;True;True;2507507;CAPITAL;18;7;4;17600.0;316800.0;123200.0;70400.0;FOMENTO
MACAPÁ;2024-05_MACAPÁ_CULTURAVIVA.pdf.pdf;868254.06;0.25;0.1;0.05;48;;True;True;True;1600303;CAPITAL;12;5;2;18088.62625;217063.515;90443.13125;36177.2525;CULTURA VIVA
MACAPÁ;2024-04_MACAPÁ_FOMENTO.pdf;1070000.0;0.25;0.1;0.05;38;;True;True;True;1600303;CAPITAL;10;4;2;28157.894736842107;281578.94736842107;112631.57894736843;56315.78947368421;FOMENTO
MACAPÁ;2024-03_MACAPÁ_PRÊMIO.pdf;600000.0;0.25;0.1;0.05;65;;True;True;True;1600303;CAPITAL;16;6;3;9230.76923076923;147692.3076923077;55384.61538461538;27692.30769230769;PRÊMIO
MACEIÓ;2024-07_MACEIÓ_FOMENTO.pdf;745000.0;0.26;0.1;0.08;51;;True;True;True;2704302;CAPITAL;13;5;4;14607.843137254902;189901.96078431373;73039.21568627452;58431.37254901961;FOMENTO
MACEIÓ;2024-06_MACEIÓ_FOMENTO.pdf;733500.0;0.28;0.1;0.09;46;;True;True;True;2704302;CAPITAL;13;5;4;15945.652173913044;207293.47826086957;79728.26086956522;63782.608695652176;FOMENTO
MACEIÓ;2024-05_MACEIÓ_FOMENTO.pdf;462000.0;0.3;0.1;0.1;20;;True;True;True;2704302;CAPITAL;6;2;2;23100.0;138600.0;46200.0;46200.0;FOMENTO
MACEIÓ;2024-04_MACEIÓ_FOMENTO.pdf;861000.0;0.25;0.09;0.07;58;;True;True;True;2704302;CAPITAL;14;5;4;14844.827586206897;207827.58620689655;74224.13793103448;59379.31034482759;FOMENTO
MACEIÓ;2024-03_MACEIÓ_FOMENTO.pdf;839000.0;0.25;0.1;0.06;83;;True;True;True;2704302;CAPITAL;21;8;5;10108.43373493976;212277.10843373495;80867.46987951807;50542.1686746988;FOMENTO
MACEIÓ;2024-10_MACEIÓ_CULTURAVIVA.pdf;1748733.4;0.25;0.1;0.05;10;;True;True;True;2704302;CAPITAL;2;1;0;174873.34;349746.68;174873.34;0.0;CULTURA VIVA
MACEIÓ;2024-08_MACEIÓ_PRÊMIO.pdf;630000.0;0.25;0.1;0.05;119;;True;True;True;2704302;CAPITAL;30;12;6;5294.117647058823;158823.5294117647;63529.41176470588;31764.70588235294;PRÊMIO
MACEIÓ;2024-09_MACEIÓ_CULTURAVIVA.pdf;600000.0;0.25;0.1;0.05;15;;True;True;True;2704302;CAPITAL;4;2;1;40000.0;160000.0;80000.0;40000.0;CULTURA VIVA
MANAUS;2024-02_MANAUS_FOMENTO.pdf;4789485.7;0.2;0.2;0.06;188;;False;True;True;1302603;CAPITAL;38;38;11;25475.98776595745;968087.535106383;968087.535106383;280235.8654255319;FOMENTO
MANAUS;2024-10_MANAUS_PRÊMIO.pdf;300000.0;0.25;0.25;0.05;30;;True;True;True;1302603;CAPITAL;8;8;2;10000.0;80000.0;80000.0;20000.0;PRÊMIO
MANAUS;2024-09_MANAUS_FOMENTO.pdf;500000.0;0.25;0.25;0.05;10;;True;True;True;1302603;CAPITAL;2;2;0;50000.0;100000.0;100000.0;0.0;FOMENTO
MANAUS;2024-04_MANAUS_FOMENTO.pdf;400000.0;0.25;0.25;0.05;25;;True;True;True;1302603;CAPITAL;6;6;1;16000.0;96000.0;96000.0;16000.0;FOMENTO
MANAUS;2024-07_MANAUS_SUBSÍDIO.pdf;2400000.0;0.25;0.25;0.05;30;;True;True;True;1302603;CAPITAL;8;8;2;80000.0;640000.0;640000.0;160000.0;SUBSÍDIO
MANAUS;2024-05_MANAUS_CULTURAVIVA.pdf;1080000.0;0.25;0.25;0.05;36;;True;True;True;1302603;CAPITAL;9;9;2;30000.0;270000.0;270000.0;60000.0;CULTURA VIVA
MANAUS;2024-08_MANAUS_FOMENTO.pdf;1197371.44;0.25;0.25;0.05;40;;True;True;True;1302603;CAPITAL;10;10;2;29934.286;299342.86;299342.86;59868.572;FOMENTO
MANAUS;2024-06_MANAUS_CULTURAVIVA.pdf;2400000.0;0.25;0.25;0.05;40;;True;True;True;1302603;CAPITAL;10;10;2;60000.0;600000.0;600000.0;120000.0;CULTURA VIVA
MANAUS;2024-03_MANAUS_FOMENTO.pdf;300000.0;0.25;0.25;0.05;15;;True;True;True;1302603;CAPITAL;4;4;1;20000.0;80000.0;80000.0;20000.0;FOMENTO
MARANHÃO;MA_CULTURAVIVA_022025.pdf;6450000.0;0.25;0.1;0.05;209;;True;True;True;21;ESTADO;52;21;10;30861.244019138758;1604784.6889952153;648086.124401914;308612.44019138755;CULTURA VIVA
MARANHÃO;MA_FOMENTO_012025.pdf;6300000.0;0.2031;0.1042;0.0;192;;True;True;False;21;ESTADO;39;20;0;32812.5;1279687.5;656250.0;0.0;FOMENTO
MARANHÃO;MA_FOMENTO_042025.pdf;5700000.0;0.25;0.1;0.05;30;;True;True;True;21;ESTADO;8;3;2;190000.0;1520000.0;570000.0;380000.0;FOMENTO
MARANHÃO;MA_FOMENTO_052025.pdf;4900000.0;0.25;0.1;0.05;35;;True;True;True;21;ESTADO;9;4;2;140000.0;1260000.0;560000.0;280000.0;FOMENTO
MARANHÃO;MA_PRÊMIO_032025.pdf;5700000.0;0.25;0.1;0.05;310;;True;True;True;21;ESTADO;78;31;16;18387.09677419355;1434193.5483870967;570000.0;294193.5483870968;PRÊMIO
MARANHÃO;2025-06_MARANHÃO_PRÊMIO.pdf;2000000.0;0.25;0.1;0.05;400;;True;True;True;21;ESTADO;100;40;20;5000.0;500000.0;200000.0;100000.0;PRÊMIO
MATO GROSSO;MT_CULTURAVIVA_242024.pdf;2760000.0;0.25;0.1;0.05;23;;True;True;True;51;ESTADO;6;2;1;120000.0;720000.0;240000.0;120000.0;CULTURA VIVA
MATO GROSSO;MT_CULTURAVIVA_252024.pdf;488000.0;0.0;0.0;0.0;1;;True;True;True;51;ESTADO;0;0;0;488000.0;0.0;0.0;0.0;CULTURA VIVA
MATO GROSSO;MT_FOMENTO_132024.pdf;1000000.0;0.25;0.1;0.05;10;;True;True;True;51;ESTADO;2;1;0;100000.0;200000.0;100000.0;0.0;FOMENTO
MATO GROSSO;MT_FOMENTO_152024.pdf;640000.0;0.25;0.1;0.05;8;;True;True;True;51;ESTADO;2;1;0;80000.0;160000.0;80000.0;0.0;FOMENTO
MATO GROSSO;MT_FOMENTO_172024.pdf;4500000.0;0.25;0.1;0.05;53;;True;True;True;51;ESTADO;13;5;3;84905.6603773585;1103773.5849056605;424528.30188679247;254716.98113207548;FOMENTO
MATO GROSSO;MT_FOMENTO_182024.pdf;7300000.0;0.21;0.1;0.05;100;;True;True;True;51;ESTADO;21;10;5;73000.0;1533000.0;730000.0;365000.0;FOMENTO
MATO GROSSO;MT_FOMENTO_232024.pdf;1400000.0;0.25;0.1;0.05;23;;True;True;True;51;ESTADO;6;2;1;60869.565217391304;365217.39130434784;121739.13043478261;60869.565217391304;FOMENTO
MATO GROSSO;MT_PRÊMIO_162024.pdf;360000.0;0.25;0.1;0.05;12;;True;True;True;51;ESTADO;3;1;1;30000.0;90000.0;30000.0;30000.0;PRÊMIO
MATO GROSSO DO SUL;MS_BOLSA_042025.pdf;600000.0;0.25;0.1;0.05;32;;True;True;True;50;ESTADO;8;3;2;18750.0;150000.0;56250.0;37500.0;BOLSA
MATO GROSSO DO SUL;MS_CULTURAVIVA_162024.pdf;2428000.0;0.25;0.15;0.075;40;;True;True;True;50;ESTADO;10;6;3;60700.0;607000.0;364200.0;182100.0;CULTURA VIVA
MATO GROSSO DO SUL;MS_CULTURAVIVA_172024.pdf;600000.0;0.25;0.1;0.05;2;;True;True;True;50;ESTADO;0;0;0;300000.0;0.0;0.0;0.0;CULTURA VIVA
MATO GROSSO DO SUL;MS_FOMENTO_012025.pdf;400000.0;0.25;0.1;0.05;4;;True;True;True;50;ESTADO;1;0;0;100000.0;100000.0;0.0;0.0;FOMENTO
MATO GROSSO DO SUL;MS_FOMENTO_052025.pdf;1000000.0;0.2;0.1;0.05;;;False;True;True;50;ESTADO;;;;;200000.0;100000.0;50000.0;FOMENTO
MATO GROSSO DO SUL;MS_FOMENTO_062025.pdf;750000.0;0.25;0.1;0.05;50;;True;True;True;50;ESTADO;12;5;2;15000.0;180000.0;75000.0;30000.0;FOMENTO
MATO GROSSO DO SUL;MS_FOMENTO_072025.pdf;500000.0;0.25;0.1;0.05;39;;True;True;True;50;ESTADO;10;4;2;12820.51282051282;128205.1282051282;51282.05128205128;25641.02564102564;FOMENTO
MATO GROSSO DO SUL;MS_FOMENTO_082025.pdf;700000.0;0.25;0.1;0.05;32;;True;True;True;50;ESTADO;8;3;2;21875.0;175000.0;65625.0;43750.0;FOMENTO
MATO GROSSO DO SUL;MS_FOMENTO_092025.pdf;300000.0;0.25;0.1;0.05;90;;True;True;True;50;ESTADO;22;9;4;3333.3333333333335;73333.33333333334;30000.0;13333.333333333334;FOMENTO
MATO GROSSO DO SUL;MS_FOMENTO_102025.pdf;2100000.0;0.25;0.1;0.05;7;;True;True;True;50;ESTADO;2;1;0;300000.0;600000.0;300000.0;0.0;FOMENTO
MATO GROSSO DO SUL;MS_FOMENTO_132024.pdf;400000.0;0.25;0.1;0.05;40;;True;True;True;50;ESTADO;10;4;2;10000.0;100000.0;40000.0;20000.0;FOMENTO
MATO GROSSO DO SUL;MS_FOMENTO_142024.pdf;200000.0;0.25;0.1;0.05;12;;True;True;True;50;ESTADO;3;1;1;16666.666666666668;50000.0;16666.666666666668;16666.666666666668;FOMENTO
MATO GROSSO DO SUL;MS_FOMENTO_152024.pdf;300000.0;0.2;0.1;0.06;30;;False;True;True;50;ESTADO;6;3;2;10000.0;60000.0;30000.0;20000.0;FOMENTO
MATO GROSSO DO SUL;MS_FOMENTO_182024.pdf;600000.0;0.25;0.1;0.05;;;True;True;True;50;ESTADO;;;;;150000.0;60000.0;30000.0;FOMENTO
MATO GROSSO DO SUL;MS_FOMENTO_192024.pdf;300000.0;0.2;0.2;0.1667;30;;False;True;True;50;ESTADO;6;6;5;10000.0;60000.0;60000.0;50000.0;FOMENTO
MATO GROSSO DO SUL;MS_FOMENTO_202024.pdf;650000.0;0.25;0.2;0.05;130;;True;True;True;50;ESTADO;32;26;6;5000.0;160000.0;130000.0;30000.0;FOMENTO
MATO GROSSO DO SUL;MS_FOMENTO_222024.pdf;900000.0;0.25;0.1;0.05;;;True;True;True;50;ESTADO;;;;;225000.0;90000.0;45000.0;FOMENTO
MATO GROSSO DO SUL;MS_FOMENTO_232024.pdf;300000.0;0.23;0.23;0.03;30;;True;True;False;50;ESTADO;7;7;1;10000.0;70000.0;70000.0;10000.0;FOMENTO
MATO GROSSO DO SUL;MS_FOMENTO_242024.pdf;1500000.0;0.25;0.1;0.05;20;;True;True;True;50;ESTADO;5;2;1;75000.0;375000.0;150000.0;75000.0;FOMENTO
MATO GROSSO DO SUL;MS_FOMENTO_252024.pdf;1000000.0;0.25;0.1;0.05;20;;True;True;True;50;ESTADO;5;2;1;50000.0;250000.0;100000.0;50000.0;FOMENTO
MATO GROSSO DO SUL;MS_FOMENTO_262024.pdf;1500000.0;0.25;0.1;0.05;18;;True;True;True;50;ESTADO;4;2;1;83333.33333333333;333333.3333333333;166666.66666666666;83333.33333333333;FOMENTO
MATO GROSSO DO SUL;MS_FOMENTO_272024.pdf;1000000.0;0.25;0.1;0.05;14;;True;True;True;50;ESTADO;4;1;1;71428.57142857143;285714.28571428574;71428.57142857143;71428.57142857143;FOMENTO
MATO GROSSO DO SUL;MS_PRÊMIO_022025.pdf;100000.0;0.25;0.15;1.0;20;PCD;True;True;True;50;ESTADO;5;3;20;5000.0;25000.0;15000.0;100000.0;PRÊMIO
MATO GROSSO DO SUL;MS_PRÊMIO_102024.pdf;450000.0;0.0;1.0;0.06;75;INDÍGENA;True;True;True;50;ESTADO;0;75;4;6000.0;0.0;450000.0;24000.0;PRÊMIO
MATO GROSSO DO SUL;MS_PRÊMIO_112024.pdf;300000.0;0.2;0.1;0.05;20;;False;True;True;50;ESTADO;4;2;1;15000.0;60000.0;30000.0;15000.0;PRÊMIO
MATO GROSSO DO SUL;MS_PRÊMIO_112025.pdf;100000.0;0.25;0.05;0.05;20;;True;False;True;50;ESTADO;5;1;1;5000.0;25000.0;5000.0;5000.0;PRÊMIO
MINAS GERAIS;MG_BOLSA_122024.pdf;2275000.0;0.2564;0.1026;0.0513;117;;True;True;True;31;ESTADO;30;12;6;19444.444444444445;583333.3333333334;233333.33333333334;116666.66666666667;BOLSA
MINAS GERAIS;MG_BOLSA_132024.pdf;1462500.0;0.26;0.1;0.05;104;;True;True;True;31;ESTADO;27;10;5;14062.5;379687.5;140625.0;70312.5;BOLSA
MINAS GERAIS;MG_CULTURAVIVA_032024.pdf;12600000.0;0.25;0.1;0.05;147;;True;True;True;31;ESTADO;37;15;7;85714.28571428571;3171428.5714285714;1285714.2857142857;600000.0;CULTURA VIVA
MINAS GERAIS;MG_CULTURAVIVA_042024.pdf;4320000.0;0.25;0.1;0.05;144;;True;True;True;31;ESTADO;36;14;7;30000.0;1080000.0;420000.0;210000.0;CULTURA VIVA
MINAS GERAIS;MG_FOMENTO_052024.pdf;9700000.0;0.2529;0.1034;0.0517;174;;True;True;True;31;ESTADO;44;18;9;55747.12643678161;2452873.563218391;1003448.275862069;501724.1379310345;FOMENTO
MINAS GERAIS;MG_FOMENTO_062024.pdf;7150000.0;0.25;0.1;0.05;286;;True;True;True;31;ESTADO;72;29;14;25000.0;1800000.0;725000.0;350000.0;FOMENTO
MINAS GERAIS;MG_FOMENTO_072024.pdf;5340000.0;0.23;0.11;0.04;215;;True;True;False;31;ESTADO;49;24;9;24837.20930232558;1217023.2558139535;596093.0232558139;223534.88372093023;FOMENTO
MINAS GERAIS;MG_FOMENTO_082024.pdf;13262500.0;0.25;0.1;0.05;347;;True;True;True;31;ESTADO;87;35;17;38220.461095100865;3325180.115273775;1337716.1383285304;649747.8386167147;FOMENTO
MINAS GERAIS;MG_FOMENTO_102024.pdf;8820000.0;0.26;0.11;0.045;201;;True;True;False;31;ESTADO;52;22;9;43880.59701492537;2281791.0447761193;965373.1343283581;394925.37313432834;FOMENTO
MINAS GERAIS;MG_FOMENTO_112024.pdf;16400000.0;0.2512;0.09849999999999999;0.0542;203;;True;True;True;31;ESTADO;51;20;11;80788.17733990148;4120197.0443349755;1615763.5467980294;888669.9507389163;FOMENTO
MINAS GERAIS;MG_PRÊMIO_022024.pdf;39787500.0;0.25;0.1;0.05;2114;;True;True;True;31;ESTADO;528;211;106;18820.955534531695;9937464.522232736;3971221.6177861877;1995021.2866603597;PRÊMIO
MINAS GERAIS;MG_SUBSÍDIO_092024.pdf;8895000.0;0.26;0.11;0.043;163;;True;True;False;31;ESTADO;42;18;7;54570.552147239265;2291963.1901840493;982269.9386503068;381993.86503067485;SUBSÍDIO
NATAL;2024-16_NATAL_CULTURAVIVA.pdf;900000.0;0.25;0.1;0.05;10;;True;True;True;2408102;CAPITAL;2;1;0;90000.0;180000.0;90000.0;0.0;CULTURA VIVA
NATAL;2024-10_NATAL_SUBSÍDIO.pdf.pdf;500000.0;0.25;0.1;0.05;206;;True;True;True;2408102;CAPITAL;52;21;10;2427.1844660194174;126213.59223300971;50970.87378640776;24271.844660194176;SUBSÍDIO
NATAL;2024-12_NATAL_FOMENTO.pdf.pdf;1990000.0;0.25;0.1;0.05;206;;True;True;True;2408102;CAPITAL;52;21;10;9660.194174757282;502330.0970873787;202864.0776699029;96601.94174757283;FOMENTO
NATAL;2024-15_NATAL_CULTURAVIVA.pdf;900000.0;0.25;0.1;0.05;9;;True;True;True;2408102;CAPITAL;2;1;0;100000.0;200000.0;100000.0;0.0;CULTURA VIVA
NATAL;2024-11_NATAL_PRÊMIO.pdf;138000.0;0.25;0.1;0.05;23;;True;True;True;2408102;CAPITAL;6;2;1;6000.0;36000.0;12000.0;6000.0;PRÊMIO
NATAL;2024-08_NATAL_FOMENTO.pdf;500000.0;0.25;0.1;0.05;59;;True;True;True;2408102;CAPITAL;15;6;3;8474.57627118644;127118.64406779662;50847.457627118645;25423.728813559323;FOMENTO
NATAL;2024-09_NATAL_BOLSA.pdf;280000.0;0.25;0.1;0.05;206;;True;True;True;2408102;CAPITAL;52;21;10;1359.2233009708739;70679.61165048544;28543.689320388352;13592.23300970874;BOLSA
PALMAS;2024-17_PALMAS_CULTURAVIVA.pdf;542500.0;0.25;0.1;0.05;21;;True;True;True;1721000;CAPITAL;5;2;1;25833.333333333332;129166.66666666666;51666.666666666664;25833.333333333332;CULTURA VIVA
PALMAS;2024-15_PALMAS_FOMENTO.pdf;514000.0;0.25;0.1;0.05;22;;True;True;True;1721000;CAPITAL;6;2;1;23363.636363636364;140181.81818181818;46727.27272727273;23363.636363636364;FOMENTO
PALMAS;2024-16_PALMAS_FOMENTO.pdf;814000.0;0.25;0.1;0.05;35;;True;True;True;1721000;CAPITAL;9;4;2;23257.14285714286;209314.28571428574;93028.57142857143;46514.28571428572;FOMENTO
PALMAS;2024-18_PALMAS_CULTURAVIVA.pdf;100000.0;0.25;0.1;0.05;10;;True;True;True;1721000;CAPITAL;2;1;0;10000.0;20000.0;10000.0;0.0;CULTURA VIVA
PALMAS;2024-19_PALMAS_SUBSÍDIO.pdf;144000.0;0.25;0.0;0.0;4;;True;True;True;1721000;CAPITAL;1;0;0;36000.0;36000.0;0.0;0.0;SUBSÍDIO
PARÁ;PARÁ_CULTURA_VIVA_003.pdf;5000000.0;0.25;0.1;0.05;40;;True;True;True;15;ESTADO;10;4;2;125000.0;1250000.0;500000.0;250000.0;CULTURA VIVA
PARÁ;PARÁ_FOMENTO_002_2025.pdf;18487819.0;0.25;0.1;0.1;474;;True;True;True;15;ESTADO;118;47;47;39003.83755274262;4602452.8312236285;1833180.364978903;1833180.364978903;FOMENTO
PARÁ;PARÁ_FOMENTO_004.pdf;4621949.37;0.25;0.1;0.1;252;;True;True;True;15;ESTADO;63;25;25;18341.06892857143;1155487.3425;458526.72321428574;458526.72321428574;FOMENTO
PARÁ;PARÁ_FOMENTO_005.pdf;18487819.0;0.25;0.1;0.1;308;;True;True;True;15;ESTADO;77;31;31;60025.38636363636;4621954.75;1860786.977272727;1860786.977272727;FOMENTO
PARÁ;PARÁ_PREMIAÇÃO_006.pdf;5490000.0;0.25;0.1;0.05;183;;True;True;True;15;ESTADO;46;18;9;30000.0;1380000.0;540000.0;270000.0;PRÊMIO
PARÁ;PARÁ_PREMIAÇÃO_008_2025.pdf;4621954.74;0.25;0.1;0.05;200;;True;True;True;15;ESTADO;50;20;10;23109.7737;1155488.685;462195.47400000005;231097.73700000002;PRÊMIO
PARÁ;PARÁ_SUBSÍDIO_007.pdf;2731708.8;0.25;0.1;0.05;30;;True;True;True;15;ESTADO;8;3;2;91056.95999999999;728455.6799999999;273170.88;182113.91999999998;SUBSÍDIO
PARAÍBA;PARAÍBA_CULTURA_VIVA_12.pdf;4250000.0;0.25;0.1;0.05;75;;True;True;True;25;ESTADO;19;8;4;56666.666666666664;1076666.6666666665;453333.3333333333;226666.66666666666;CULTURA VIVA
PARAÍBA;PARAÍBA_Edital_de_Bolsa_1.pdf;3500000.0;0.25;0.1;0.05;350;;True;True;True;25;ESTADO;88;35;18;10000.0;880000.0;350000.0;180000.0;BOLSA
PARAÍBA;PARAÍBA_Edital_de_Premiação_1.pdf;1995000.0;0.25;0.1;0.05;35;;True;True;True;25;ESTADO;9;4;2;57000.0;513000.0;228000.0;114000.0;PRÊMIO
PARAÍBA;PARAÍBA_Edital_de_Premiação_2.pdf;600000.0;0.25;0.1;0.05;120;;True;True;True;25;ESTADO;30;12;6;5000.0;150000.0;60000.0;30000.0;PRÊMIO
PARAÍBA;PARAÍBA_Edital_de_Premiação_3.pdf;1000000.0;0.25;0.1;0.05;160;;True;True;True;25;ESTADO;40;16;8;6250.0;250000.0;100000.0;50000.0;PRÊMIO
PARAÍBA;PARAÍBA_Edital_de_Premiação_4.pdf;2400000.0;0.25;0.1;0.05;240;;True;True;True;25;ESTADO;60;24;12;10000.0;600000.0;240000.0;120000.0;PRÊMIO
PARAÍBA;PARAÍBA_Edital_de_Premiação_7.pdf;800000.0;0.0;1.0;0.05;55;INDÍGENA;True;True;True;25;ESTADO;0;55;3;14545.454545454546;0.0;800000.0;43636.36363636364;PRÊMIO
PARAÍBA;PARAÍBA_Edital_de_Premiação_8.pdf;2400000.0;0.25;0.1;0.05;120;;True;True;True;25;ESTADO;30;12;6;20000.0;600000.0;240000.0;120000.0;PRÊMIO
PARAÍBA;PARAÍBA_FOMENTO_ 0013.pdf;8500000.0;0.25;0.1;0.05;222;;True;True;True;25;ESTADO;56;22;11;38288.28828828829;2144144.1441441444;842342.3423423424;421171.1711711712;FOMENTO
PARAÍBA;PARAÍBA_FOMENTO_014.pdf;1800000.0;0.25;0.1;0.05;90;;True;True;True;25;ESTADO;22;9;4;20000.0;440000.0;180000.0;80000.0;FOMENTO
PARAÍBA;PARAÍBA_PREMIAÇÃO CULTURAL_009.pdf;600000.0;0.25;0.1;0.05;120;;True;True;True;25;ESTADO;30;12;6;5000.0;150000.0;60000.0;30000.0;PRÊMIO
PARAÍBA;PARAÍBA_PREMIAÇÃO_0018.pdf;1355000.0;0.25;0.1;0.05;131;;True;True;True;25;ESTADO;33;13;7;10343.511450381679;341335.8778625954;134465.64885496182;72404.58015267176;PRÊMIO
PARAÍBA;PARAÍBA_PREMIAÇÃO_011.pdf;2400000.0;0.25;0.1;0.05;80;;True;True;True;25;ESTADO;20;8;4;30000.0;600000.0;240000.0;120000.0;PRÊMIO
PARAÍBA;PARAÍBA_PREMIAÇÃO_10.pdf;2400000.0;0.25;0.1;0.05;120;;True;True;True;25;ESTADO;30;12;6;20000.0;600000.0;240000.0;120000.0;PRÊMIO
PARAÍBA;2024-12_PARAÍBA_PRÊMIO.pdf;800000.0;0.0;1.0;0.05;55;INDÍGENA;True;True;True;25;ESTADO;0;55;3;14545.454545454546;0.0;800000.0;43636.36363636364;PRÊMIO
PARAÍBA;2024-13_PARAÍBA_PRÊMIO.pdf;800000.0;0.0;0.0;0.05;55;;True;True;True;25;ESTADO;0;0;3;14545.454545454546;0.0;0.0;43636.36363636364;PRÊMIO
PARANÁ;PARANÁ_CULTURA_VIVA_002.pdf;5825997.24;0.25;0.1;0.05;24;;True;True;True;41;ESTADO;6;2;1;242749.885;1456499.31;485499.77;242749.885;CULTURA VIVA
PARANÁ;PARANÁ_CULTURA_VIVA_004.pdf;5475586.34;0.25;0.1;0.05;38;;True;True;True;41;ESTADO;10;4;2;144094.37736842106;1440943.7736842106;576377.5094736842;288188.7547368421;CULTURA VIVA
PARANÁ;PARANÁ_CULTURA_VIVA_006.pdf;3300000.0;0.25;0.1;0.05;60;;True;True;True;41;ESTADO;15;6;3;55000.0;825000.0;330000.0;165000.0;CULTURA VIVA
PARANÁ;2024-01_PARANÁ_FOMENTO.pdf;34050000.0;0.25;0.1;0.05;280;;True;True;True;41;ESTADO;70;28;14;121607.14285714286;8512500.0;3405000.0;1702500.0;FOMENTO
PARANÁ;PARANÁ_FOMENTO_0022.pdf;571428.56;0.25;0.1;0.05;120;;True;True;True;41;ESTADO;30;12;6;4761.904666666667;142857.14;57142.85600000001;28571.428000000004;FOMENTO
PARANÁ;2025-01_PARANÁ_FOMENTO.pdf;8750000.0;0.25;0.1;0.05;53;;True;True;True;41;ESTADO;13;5;3;165094.3396226415;2146226.4150943398;825471.6981132075;495283.0188679245;FOMENTO
PARANÁ;PARANÁ_PREMIO_02.pdf;1500000.0;0.25;0.1;0.05;50;;True;True;True;41;ESTADO;12;5;2;30000.0;360000.0;150000.0;60000.0;PRÊMIO
PARANÁ;PARANÁ_SUBISIDIO_008.pdf;3300000.0;0.25;0.1;0.05;16;;True;True;True;41;ESTADO;4;2;1;206250.0;825000.0;412500.0;206250.0;SUBSÍDIO
PARANÁ;PARANÁ_SUBSÍDIO_X.pdf;1499999.84;0.4;0.1;0.05;4;;True;True;True;41;ESTADO;2;0;0;374999.96;749999.92;0.0;0.0;SUBSÍDIO
PERNAMBUCO;PERNAMBUCO_Edital_de_Bolsas_1.pdf;9800000.0;0.25;0.1;0.05;260;;True;True;True;26;ESTADO;65;26;13;37692.307692307695;2450000.0;980000.0000000001;490000.00000000006;BOLSA
PERNAMBUCO;PERNAMBUCO_Edital_de_Fomento_1.pdf;33950000.0;0.25;0.1;0.05;900;;True;True;True;26;ESTADO;225;90;45;37722.22222222222;8487500.0;3394999.9999999995;1697499.9999999998;FOMENTO
PERNAMBUCO;PERNAMBUCO_Edital_de_Premiação_1.pdf;9177166.6;0.25;0.1;0.05;780;;True;True;True;26;ESTADO;195;78;39;11765.598205128204;2294291.65;917716.6599999999;458858.32999999996;PRÊMIO
PERNAMBUCO;PERNAMBUCO_Edital_de_Premiação_3.pdf;1000000.0;1.0;0.1;0.05;100;NEGRA;True;True;True;26;ESTADO;100;10;5;10000.0;1000000.0;100000.0;50000.0;PRÊMIO
PERNAMBUCO;PERNAMBUCO_Edital_de_Premiação_5.pdf;2500000.0;0.25;0.1;0.05;100;;True;True;True;26;ESTADO;25;10;5;25000.0;625000.0;250000.0;125000.0;PRÊMIO
PERNAMBUCO;PERNAMBUCO_Edital_TCC_-_Pontos_PNCV_1.pdf;7700000.0;0.25;0.1;0.05;80;;True;True;True;26;ESTADO;20;8;4;96250.0;1925000.0;770000.0;385000.0;CULTURA VIVA
PERNAMBUCO;PERNAMBUCO_Edital_TCC_-_Pontões_PNCV_1.pdf;1800000.0;0.25;0.1;0.05;6;;True;True;True;26;ESTADO;2;1;0;300000.0;600000.0;300000.0;0.0;CULTURA VIVA
PIAUÍ;PIAUÍ_Edital_de_Fomento_1.pdf;6500000.0;0.25;0.1;0.05;130;;True;True;True;22;ESTADO;32;13;6;50000.0;1600000.0;650000.0;300000.0;FOMENTO
PIAUÍ;PIAUÍ_Edital_de_Fomento_2.pdf;12000000.0;0.25;0.1;0.05;110;;True;True;True;22;ESTADO;28;11;6;109090.90909090909;3054545.4545454546;1200000.0;654545.4545454546;FOMENTO
PIAUÍ;PIAUÍ_Edital_de_Premiação_1.pdf;2248000.0;0.25;0.1;0.05;251;;True;True;True;22;ESTADO;63;25;13;8956.175298804781;564239.0438247012;223904.3824701195;116430.27888446215;PRÊMIO
PIAUÍ;PIAUÍ_Edital_TCC_-_Pontos_PNCV_1.pdf;2700000.0;0.25;0.1;0.05;27;;True;True;True;22;ESTADO;7;3;1;100000.0;700000.0;300000.0;100000.0;CULTURA VIVA
PIAUÍ;PIAUÍ_Edital_TCC_-_Pontões_PNCV_1.pdf;600000.0;0.25;0.1;0.05;2;;True;True;True;22;ESTADO;0;0;0;300000.0;0.0;0.0;0.0;CULTURA VIVA
PORTO ALEGRE;2024-05_PORTOALEGRE_PRÊMIO.pdf;3980000.0;0.25;0.1;0.05;55;;True;True;True;4314902;CAPITAL;14;6;3;72363.63636363637;1013090.9090909092;434181.81818181823;217090.90909090912;PRÊMIO
PORTO ALEGRE;2024-02_PORTOALEGRE_PRÊMIO.pdf;1000000.0;0.25;0.1;0.05;50;;True;True;True;4314902;CAPITAL;12;5;2;20000.0;240000.0;100000.0;40000.0;PRÊMIO
PORTO ALEGRE;2024-03_PORTOALEGRE_CULTURAVIVA.pdf;1800000.0;0.25;0.1;0.05;30;;True;True;True;4314902;CAPITAL;8;3;2;60000.0;480000.0;180000.0;120000.0;CULTURA VIVA
PORTO ALEGRE;2024-04_PORTOALEGRE_PRÊMIO.pdf.pdf;1036000.0;0.25;0.1;0.05;97;;True;True;True;4314902;CAPITAL;24;10;5;10680.41237113402;256329.89690721646;106804.1237113402;53402.0618556701;PRÊMIO
PORTO ALEGRE;2025-01_PORTOALEGRE_CULTURAVIVA.pdf;780000.0;0.0;0.0;0.0;1;;True;True;True;4314902;CAPITAL;0;0;0;780000.0;0.0;0.0;0.0;CULTURA VIVA
PORTO VELHO;2025-08_PORTOVELHO_FOMENTO.pdf;2121592.46;0.25;0.1;0.05;64;;True;True;True;1100205;CAPITAL;16;6;3;33149.8821875;530398.115;198899.293125;99449.6465625;FOMENTO
PORTO VELHO;2025-07_PORTOVELHO_CULTURAVIVA.pdf;510000.0;0.25;0.1;0.05;26;;True;True;True;1100205;CAPITAL;6;3;1;19615.384615384617;117692.3076923077;58846.15384615385;19615.384615384617;CULTURA VIVA
PORTO VELHO;2025-05_PORTOVELHO_CULTURAVIVA.pdf;571216.27;0.25;0.1;0.05;6;;True;True;True;1100205;CAPITAL;2;1;0;95202.71166666667;190405.42333333334;95202.71166666667;0.0;CULTURA VIVA
PORTO VELHO;2025-06_PORTOVELHO_SUBSÍDIO.pdf;470000.0;0.19;0.19;0.05;21;;False;True;True;1100205;CAPITAL;4;4;1;22380.95238095238;89523.80952380953;89523.80952380953;22380.95238095238;SUBSÍDIO
RECIFE;2024-01_RECIFE_FOMENTO.pdf;500000.0;0.3;0.1;0.05;10;;True;True;True;2611606;CAPITAL;3;1;0;50000.0;150000.0;50000.0;0.0;FOMENTO
RECIFE;2024-02_RECIFE_FOMENTO.pdf.pdf;2099141.3;0.3;0.1;0.05;;;True;True;True;2611606;CAPITAL;;;;;629742.3899999999;209914.13;104957.065;FOMENTO
RECIFE;2025-01_RECIFE_CULTURAVIVA.pdf.pdf;2800000.0;0.3;0.1;0.05;36;;True;True;True;2611606;CAPITAL;11;4;2;77777.77777777778;855555.5555555556;311111.1111111111;155555.55555555556;CULTURA VIVA
RECIFE;2024-03_RECIFE_FOMENTO.pdf.pdf;4747853.3;0.3;0.1;0.05;;;True;True;True;2611606;CAPITAL;;;;;1424355.99;474785.33;237392.665;FOMENTO
RIO BRANCO;2024-06_RIOBRANCO_BOLSA.pdf;976000.0;0.25;0.0;0.05;49;;True;True;True;1200401;CAPITAL;12;0;2;19918.367346938776;239020.40816326533;0.0;39836.73469387755;BOLSA
RIO BRANCO;2024-08_RIOBRANCO_FOMENTO.pdf;230000.0;0.2;0.0;0.05;23;;False;True;True;1200401;CAPITAL;5;0;1;10000.0;50000.0;0.0;10000.0;FOMENTO
RIO BRANCO;2024-11_RIOBRANCO_CULTURAVIVA.pdf;800000.0;0.25;0.1;0.05;32;;True;True;True;1200401;CAPITAL;8;3;2;25000.0;200000.0;75000.0;50000.0;CULTURA VIVA
RIO BRANCO;2024-09_RIOBRANCO_PRÊMIO.pdf;220000.0;0.0;1.0;0.0;22;INDÍGENA;True;True;False;1200401;CAPITAL;0;22;0;10000.0;0.0;220000.0;0.0;PRÊMIO
RIO BRANCO;2024-10_RIOBRANCO_PRÊMIO.pdf;220000.0;0.2;0.0;0.05;22;;False;True;True;1200401;CAPITAL;4;0;1;10000.0;40000.0;0.0;10000.0;PRÊMIO
RIO BRANCO;2025-01_RIOBRANCO_CULTURAVIVA.pdf;960000.0;0.25;0.1;0.05;32;;True;True;True;1200401;CAPITAL;8;3;2;30000.0;240000.0;90000.0;60000.0;CULTURA VIVA
RIO BRANCO;2024-07_RIOBRANCO_FOMENTO.pdf;682000.0;0.2;0.0;0.05;34;;False;True;True;1200401;CAPITAL;7;0;2;20058.823529411766;140411.76470588235;0.0;40117.64705882353;FOMENTO
RIO DE JANEIRO;RIO DE JANEIRO_CULTURA VIVA_2.pdf;17730000.0;0.25;0.1;0.05;373;;True;True;True;33;ESTADO;93;37;19;47533.512064343166;4420616.621983915;1758739.9463806972;903136.7292225201;CULTURA VIVA
RIO DE JANEIRO;RIO DE JANEIRO_CULTURA_VIVA.pdf;4800000.0;0.0;0.0;0.0;2;;False;True;True;33;ESTADO;0;0;0;2400000.0;0.0;0.0;0.0;CULTURA VIVA
RIO DE JANEIRO;RIO DE JANEIRO_Edital_de_Fomento_1.pdf;5000000.0;0.25;0.1;0.05;55;;True;True;True;33;ESTADO;14;6;3;90909.09090909091;1272727.2727272727;545454.5454545454;272727.2727272727;FOMENTO
RIO DE JANEIRO;RIO DE JANEIRO_Edital_de_Fomento_2.pdf;21000000.0;0.25;0.1;0.05;300;;True;True;True;33;ESTADO;75;30;15;70000.0;5250000.0;2100000.0;1050000.0;FOMENTO
RIO DE JANEIRO;RIO DE JANEIRO_Edital_de_Fomento_3.pdf;21000000.0;0.25;0.1;0.05;92;;True;True;True;33;ESTADO;23;9;5;228260.86956521738;5250000.0;2054347.8260869563;1141304.347826087;FOMENTO
RIO DE JANEIRO;RIO DE JANEIRO_Edital_de_Fomento_4.pdf;6500000.0;0.25;0.1;0.05;30;;True;True;True;33;ESTADO;8;3;2;216666.66666666666;1733333.3333333333;650000.0;433333.3333333333;FOMENTO
RIO DE JANEIRO;RIO DE JANEIRO_Edital_de_Fomento_5.pdf;11000000.0;0.25;0.1;0.05;200;;True;True;True;33;ESTADO;50;20;10;55000.0;2750000.0;1100000.0;550000.0;FOMENTO
RIO DE JANEIRO (capital);2024-07_RIODEJANEIRO_CULTURAVIVA.pdf;6600000.0;0.25;0.1;0.05;30;;True;True;True;2111300;CAPITAL;8;3;2;220000.0;1760000.0;660000.0;440000.0;CULTURA VIVA
RIO DE JANEIRO (capital);2023-07_RIODEJANEIRO_FOMENTO.pdf;25000000.0;0.2;0.1;0.05;162;;True;True;True;2111300;CAPITAL;32;16;8;154320.98765432098;4938271.604938271;2469135.8024691357;1234567.9012345679;FOMENTO
RIO DE JANEIRO (capital);2024-06_RIODEJANEIRO_CULTURAVIVA.pdf;2840000.0;0.25;0.1;0.05;21;;True;True;True;2111300;CAPITAL;5;2;1;135238.09523809524;676190.4761904762;270476.1904761905;135238.09523809524;CULTURA VIVA
RIO DE JANEIRO (capital);2024-11_RIODEJANEIRO_CULTURAVIVA.pdf;600000.0;0.0;0.0;0.0;1;;True;True;True;2111300;CAPITAL;0;0;0;600000.0;0.0;0.0;0.0;CULTURA VIVA
RIO DE JANEIRO (capital);2024-12_RIODEJANEIRO_FOMENTO.pdf;700000.0;0.25;0.1;0.05;;;True;True;True;2111300;CAPITAL;;;;;175000.0;70000.0;35000.0;FOMENTO
RIO DE JANEIRO (capital);2024-13_RIODEJANEIRO_FOMENTO.pdf;1000000.0;0.25;0.1;0.05;;;True;True;True;2111300;CAPITAL;;;;;250000.0;100000.0;50000.0;FOMENTO
RIO DE JANEIRO (capital);2025-03_RIODEJANEIRO_FOMENTO.pdf;425000.0;0.3;0.1;0.1;20;;True;True;True;2111300;CAPITAL;6;2;2;21250.0;127500.0;42500.0;42500.0;FOMENTO
RIO GRANDE DO NORTE;RIO GRANDE DO NORTE_Edital_de_Fomento_1.pdf;1480000.0;0.25;0.1;0.05;34;;True;True;True;24;ESTADO;8;3;2;43529.41176470588;348235.29411764705;130588.23529411765;87058.82352941176;FOMENTO
RIO GRANDE DO NORTE;2024-08_IN_FOMENTO.pdf;1240000.0;0.25;0.1;0.05;34;;True;True;True;24;ESTADO;8;3;2;36470.58823529412;291764.70588235295;109411.76470588235;72941.17647058824;FOMENTO
RIO GRANDE DO NORTE;2024-09_IN_FOMENTO.pdf;1360000.0;0.25;0.1;0.05;66;;True;True;True;24;ESTADO;16;7;3;20606.060606060608;329696.9696969697;144242.42424242425;61818.18181818182;FOMENTO
RIO GRANDE DO NORTE;2024-10_IN_FOMENTO.pdf;1800000.0;0.25;0.1;0.05;47;;True;True;True;24;ESTADO;12;5;2;38297.87234042553;459574.46808510635;191489.36170212764;76595.74468085106;FOMENTO
RIO GRANDE DO NORTE;RIO GRANDE DO NORTE_Edital_de_Fomento_5.pdf;920000.0;0.25;0.1;0.05;38;;True;True;True;24;ESTADO;10;4;2;24210.526315789473;242105.26315789472;96842.1052631579;48421.05263157895;FOMENTO
RIO GRANDE DO NORTE;RIO GRANDE DO NORTE_Edital_de_Fomento_6.pdf;1680000.0;0.25;0.1;0.05;58;;True;True;True;24;ESTADO;14;6;3;28965.51724137931;405517.2413793104;173793.10344827588;86896.55172413794;FOMENTO
RIO GRANDE DO NORTE;RIO GRANDE DO NORTE_Edital_de_Fomento_7.pdf;1480000.0;0.25;0.1;0.05;62;;True;True;True;24;ESTADO;16;6;3;23870.967741935485;381935.48387096776;143225.8064516129;71612.90322580645;FOMENTO
RIO GRANDE DO NORTE;2024-02_RN_Premio;1200000.0;0.25;0.1;0.05;120;;True;True;True;24;ESTADO;30;12;6;10000.0;300000.0;120000.0;60000.0;PRÊMIO
RIO GRANDE DO NORTE;2024-01_RN_Premio;1125000.0;0.25;0.1;0.05;89;;True;True;True;24;ESTADO;22;9;4;12640.449438202248;278089.88764044945;113764.04494382023;50561.79775280899;PRÊMIO
RIO GRANDE DO NORTE;2024-06_RN_CulturaViva.pdf;3360000.0;0.25;0.1;0.05;84;;True;True;True;24;ESTADO;21;8;4;40000.0;840000.0;320000.0;160000.0;CULTURA VIVA
RIO GRANDE DO NORTE;RIO GRANDE DO NORTE_FOMENTO_0044.pdf;920000.0;0.25;0.1;0.05;46;;True;True;True;24;ESTADO;12;5;2;20000.0;240000.0;100000.0;40000.0;FOMENTO
RIO GRANDE DO NORTE;RIO GRANDE DO NORTE_FOMENTO_01.pdf;750000.0;0.25;0.1;0.05;110;;True;True;True;24;ESTADO;28;11;6;6818.181818181818;190909.0909090909;75000.0;40909.09090909091;FOMENTO
RIO GRANDE DO NORTE;RIO GRANDE DO NORTE_FOMENTO_2.pdf;620000.0;0.25;0.1;0.05;30;;True;True;True;24;ESTADO;8;3;2;20666.666666666668;165333.33333333334;62000.0;41333.333333333336;FOMENTO
RIO GRANDE DO NORTE;RIO GRANDE DO NORTE_FOMENTO_22.pdf;3660000.0;0.25;0.1;0.05;140;;True;True;True;24;ESTADO;35;14;7;26142.85714285714;915000.0;366000.0;183000.0;FOMENTO
RIO GRANDE DO NORTE;RIO GRANDE DO NORTE_FOMENTO_99.pdf;920000.0;0.25;0.1;0.05;30;;True;True;True;24;ESTADO;8;3;2;30666.666666666668;245333.33333333334;92000.0;61333.333333333336;FOMENTO
RIO GRANDE DO NORTE;2024-03_RN_Premio;400000.0;0.25;0.1;0.05;40;;True;True;True;24;ESTADO;10;4;2;10000.0;100000.0;40000.0;20000.0;PRÊMIO
RIO GRANDE DO NORTE;RIO GRANDE DO NORTE_SUBSÍDIO_24.pdf;960000.0;0.25;0.1;0.05;24;;True;True;True;24;ESTADO;6;2;1;40000.0;240000.0;80000.0;40000.0;SUBSÍDIO
RIO GRANDE DO NORTE;2024-05_RN_PRÊMIO.pdf;1200000.0;0.0;0.0;0.05;40;;True;True;True;24;ESTADO;0;0;2;30000.0;0.0;0.0;60000.0;PRÊMIO
RIO GRANDE DO NORTE;2024-04_RN_Premio;660000.0;0.0;1.0;0.05;22;INDÍGENA;True;True;True;24;ESTADO;0;22;1;30000.0;0.0;660000.0;30000.0;PRÊMIO
RIO GRANDE DO NORTE;2024-07_RN_CulturaViva.pdf;600000.0;0.5;0.0;0.0;2;;True;True;True;24;ESTADO;1;0;0;300000.0;300000.0;0.0;0.0;CULTURA VIVA
RIO GRANDE DO NORTE;2024-18_RN_FOMENTO.pdf;620000.0;1.0;0.0;0.05;30;NEGRA;True;True;True;24;ESTADO;30;0;2;20666.666666666668;620000.0;0.0;41333.333333333336;FOMENTO
RIO GRANDE DO SUL;RIO GRANDE DO SUL_Edital_de_Fomento_2.pdf;4100000.0;0.2632;0.1053;0.0526;38;;True;True;True;43;ESTADO;10;4;2;107894.73684210527;1078947.3684210526;431578.94736842107;215789.47368421053;FOMENTO
RIO GRANDE DO SUL;RIO GRANDE DO SUL_Edital_de_Fomento_4.pdf;8000000.0;0.25;0.08;0.04;86;;True;True;False;43;ESTADO;22;7;3;93023.25581395348;2046511.6279069765;651162.7906976744;279069.76744186046;FOMENTO
RIO GRANDE DO SUL;2024-26_RS_FOMENTO.pdf;7900000.0;0.268;0.1;0.05;67;;True;True;True;43;ESTADO;18;7;3;117910.44776119402;2122388.0597014925;825373.1343283581;353731.3432835821;FOMENTO
RIO GRANDE DO SUL;2024-28_RS_FOMENTO.pdf;4000000.0;0.266;0.1;0.033;30;;True;True;False;43;ESTADO;8;3;1;133333.33333333334;1066666.6666666667;400000.0;133333.33333333334;FOMENTO
RIO GRANDE DO SUL;2024-30_RS_FOMENTO.pdf;4000000.0;0.266;0.1;0.066;30;;True;True;True;43;ESTADO;8;3;2;133333.33333333334;1066666.6666666667;400000.0;266666.6666666667;FOMENTO
RIO GRANDE DO SUL;2024-31_RS_FOMENTO.pdf;10650000.0;0.2609;0.087;0.0435;69;;True;False;False;43;ESTADO;18;6;3;154347.8260869565;2778260.8695652173;926086.956521739;463043.4782608695;FOMENTO
RIO GRANDE DO SUL;2024-32_RS_FOMENTO.pdf;7800000.0;0.265;0.1;0.04;49;;True;True;False;43;ESTADO;13;5;2;159183.67346938775;2069387.7551020407;795918.3673469387;318367.3469387755;FOMENTO
RIO GRANDE DO SUL;RIO GRANDE DO SUL_Edital_TCC_-_Pontos_e_Pontões_PNCV_1.pdf;9000000.0;0.25;0.1;0.05;63;;True;True;True;43;ESTADO;16;6;3;142857.14285714287;2285714.285714286;857142.8571428573;428571.42857142864;CULTURA VIVA
RONDÔNIA;2025-03_RO_CULTURAVIVA.pdf;3060000.0;0.16;0.03;0.03;30;;False;False;False;11;ESTADO;5;1;1;102000.0;510000.0;102000.0;102000.0;CULTURA VIVA
RONDÔNIA;2025-04_RO_CULTURAVIVA.pdf;1200000.0;0.2;0.05;0.05;40;;False;False;True;11;ESTADO;8;2;2;30000.0;240000.0;60000.0;60000.0;CULTURA VIVA
RONDÔNIA;2025-05_RO_PRÊMIO.pdf;500000.0;0.26;0.1;0.04;50;;True;True;False;11;ESTADO;13;5;2;10000.0;130000.0;50000.0;20000.0;PRÊMIO
RONDÔNIA;2025-08_RO_PRÊMIO.pdf;1100000.0;0.25;0.1;0.05;40;;True;True;True;11;ESTADO;10;4;2;27500.0;275000.0;110000.0;55000.0;PRÊMIO
RORAIMA;001_2025-fomento-edital-de-chamamento-pablico-nao-0012025.pdf;8178650.0;0.25;0.15;0.05;241;;True;True;True;14;ESTADO;60;36;12;33936.307053941906;2036178.4232365144;1221707.0539419085;407235.68464730284;FOMENTO
RORAIMA;002_2025-premiacao-edital-de-chamamento-pablico-nao-0022025-premiacao.pdf;2782706.0;0.25;0.15;0.05;243;;True;True;True;14;ESTADO;61;36;12;11451.465020576132;698539.366255144;412252.74074074073;137417.5802469136;PRÊMIO
RORAIMA;003_2025-subsidio-edital-de-chamamento-pablico-nao-0032025-subsadio.pdf;1000000.0;0.25;0.15;0.05;16;;True;True;True;14;ESTADO;4;2;1;62500.0;250000.0;125000.0;62500.0;SUBSÍDIO
RORAIMA;004_2025-pontos-edital-chamamento-pablico-nao-0042025-pontos-de-cultura.pdf;1444328.08;0.25;0.15;0.05;20;;True;True;True;14;ESTADO;5;3;1;72216.40400000001;361082.02;216649.21200000003;72216.40400000001;CULTURA VIVA
RORAIMA;005_2025-pontao-edital-chamamento-pablico-nao-0052025-pontao-de-cultura.pdf;361082.01;0.25;0.15;0.05;1;;True;True;True;14;ESTADO;0;0;0;361082.01;0.0;0.0;0.0;CULTURA VIVA
SALVADOR;2024-09_SALVADOR_FOMENTO.pdf;2000000.0;0.5;0.1;0.05;40;;True;True;True;2927408;CAPITAL;20;4;2;50000.0;1000000.0;200000.0;100000.0;FOMENTO
SALVADOR;2025-01_SALVADOR_FOMENTO.pdf;400000.0;0.5;0.1;0.05;25;;True;True;True;2927408;CAPITAL;12;2;1;16000.0;192000.0;32000.0;16000.0;FOMENTO
SALVADOR;2024-03_SALVADOR_FOMENTO.pdf;5600000.0;0.5;0.1;0.05;30;;True;True;True;2927408;CAPITAL;15;3;2;186666.66666666666;2800000.0;560000.0;373333.3333333333;FOMENTO
SALVADOR;2024-04_SALVADOR_BOLSA.pdf;800000.0;0.5;0.1;0.05;;;True;True;True;2927408;CAPITAL;;;;;400000.0;80000.0;40000.0;BOLSA
SALVADOR;2024-07_SALVADOR_FOMENTO.pdf;800000.0;0.5;0.1;0.05;60;;True;True;True;2927408;CAPITAL;30;6;3;13333.333333333334;400000.0;80000.0;40000.0;FOMENTO
SALVADOR;2024-08_SALVADOR_SUBSÍDIO.pdf;400000.0;0.5;0.1;0.05;20;;True;True;True;2927408;CAPITAL;10;2;1;20000.0;200000.0;40000.0;20000.0;SUBSÍDIO
SALVADOR;2025-02_SALVADOR_CULTURAVIVA.pdf;4260000.0;0.5;0.1;0.05;82;;True;True;True;2927408;CAPITAL;41;8;4;51951.21951219512;2130000.0;415609.756097561;207804.8780487805;CULTURA VIVA
SALVADOR;2024-10_SALVADOR_FOMENTO.pdf;1950000.0;0.5;0.1;0.05;2;;True;True;True;2927408;CAPITAL;1;0;0;975000.0;975000.0;0.0;0.0;FOMENTO
SALVADOR;2024-05_SALVADOR_FOMENTO.pdf;2000000.0;0.5;0.1;0.05;20;;True;True;True;2927408;CAPITAL;10;2;1;100000.0;1000000.0;200000.0;100000.0;FOMENTO
SANTA CATARINA;SANTA CATARINA_Cultura Viva.pdf;900000.0;0.5;0.5;0.5;3;;True;True;True;42;ESTADO;2;2;2;300000.0;600000.0;600000.0;600000.0;CULTURA VIVA
SANTA CATARINA;SANTA CATARINA_CULTURA_VIVA_02.pdf;4950000.0;0.25;0.1;0.05;110;;True;True;True;42;ESTADO;28;11;6;45000.0;1260000.0;495000.0;270000.0;CULTURA VIVA
SANTA CATARINA;SANTA CATARINA_FOMENTO_435.pdf;22220000.0;0.2565;0.1017;0.05310000000000001;659;;True;True;True;42;ESTADO;169;67;35;33717.75417298938;5698300.455235205;2259089.529590288;1180121.3960546283;FOMENTO
SANTA CATARINA;SANTA CATARINA_PREMIAÇÃO.pdf;3150000.0;0.25;0.1;0.05;140;;True;True;True;42;ESTADO;35;14;7;22500.0;787500.0;315000.0;157500.0;PRÊMIO
SANTA CATARINA;SANTA CATARINA_PREMIAÇÃO_X.pdf;1050000.0;0.25;0.1;0.05;35;;True;True;True;42;ESTADO;9;4;2;30000.0;270000.0;120000.0;60000.0;PRÊMIO
SANTA CATARINA;2024-55_SC_FOMENTO.pdf;9600000.0;0.24;0.09;0.09;96;;True;True;True;42;ESTADO;23;9;9;100000.0;2300000.0;900000.0;900000.0;FOMENTO
SÃO LUIS;2025-05_SAOLUIS_CULTURAVIVA.pdf;1000000.0;0.25;0.1;0.05;10;;True;True;True;2111300;CAPITAL;2;1;0;100000.0;200000.0;100000.0;0.0;CULTURA VIVA
SÃO LUIS;2025-08_SAOLUIS_PRÊMIO.pdf;500000.0;0.25;0.1;0.05;74;;True;True;True;2111300;CAPITAL;18;7;4;6756.756756756757;121621.62162162163;47297.29729729729;27027.027027027027;PRÊMIO
SÃO LUIS;2025-06_SAOLUIS_FOMENTO.pdf;4500000.0;0.25;0.1;0.05;182;;True;True;True;2111300;CAPITAL;46;18;9;24725.274725274725;1137362.6373626373;445054.94505494507;222527.47252747254;FOMENTO
SÃO LUIS;2025-07_SAOLUIS_CULTURAVIVA.pdf;950500.0;0.25;0.1;0.05;28;;True;True;True;2111300;CAPITAL;7;3;1;33946.42857142857;237625.0;101839.28571428571;33946.42857142857;CULTURA VIVA
SÃO PAULO;SÃO PAULO_Edital_de_Fomento_10.pdf;20000000.0;0.25;0.1;0.05;40;;True;True;True;35;ESTADO;10;4;2;500000.0;5000000.0;2000000.0;1000000.0;FOMENTO
SÃO PAULO;SÃO PAULO_Edital_de_Fomento_12.pdf;5000000.0;0.25;0.1;0.05;20;;True;True;True;35;ESTADO;5;2;1;250000.0;1250000.0;500000.0;250000.0;FOMENTO
SÃO PAULO;SÃO PAULO_Edital_de_Fomento_13.pdf;15000000.0;0.25;0.1;0.05;40;;True;True;True;35;ESTADO;10;4;2;375000.0;3750000.0;1500000.0;750000.0;FOMENTO
SÃO PAULO;SÃO PAULO_Edital_de_Fomento_15.pdf;9000000.0;0.25;0.1;0.05;30;;True;True;True;35;ESTADO;8;3;2;300000.0;2400000.0;900000.0;600000.0;FOMENTO
SÃO PAULO;SÃO PAULO_Edital_de_Fomento_16.pdf;3000000.0;0.25;0.1;0.05;20;;True;True;True;35;ESTADO;5;2;1;150000.0;750000.0;300000.0;150000.0;FOMENTO
SÃO PAULO;SÃO PAULO_Edital_de_Fomento_17.pdf;3000000.0;0.25;0.1;0.05;20;;True;True;True;35;ESTADO;5;2;1;150000.0;750000.0;300000.0;150000.0;FOMENTO
SÃO PAULO;SÃO PAULO_Edital_de_Fomento_18.pdf;3000000.0;0.25;0.1;0.05;20;;True;True;True;35;ESTADO;5;2;1;150000.0;750000.0;300000.0;150000.0;FOMENTO
SÃO PAULO;SÃO PAULO_Edital_de_Fomento_19.pdf;3000000.0;0.25;0.1;0.05;20;;True;True;True;35;ESTADO;5;2;1;150000.0;750000.0;300000.0;150000.0;FOMENTO
SÃO PAULO;SÃO PAULO_Edital_de_Fomento_2.pdf;22500000.0;0.25;0.1;0.05;30;;True;True;True;35;ESTADO;8;3;2;750000.0;6000000.0;2250000.0;1500000.0;FOMENTO
SÃO PAULO;SÃO PAULO_Edital_de_Fomento_20.pdf;3000000.0;0.25;0.1;0.05;20;;True;True;True;35;ESTADO;5;2;1;150000.0;750000.0;300000.0;150000.0;FOMENTO
SÃO PAULO;SÃO PAULO_Edital_de_Fomento_25.pdf;33000000.0;0.25;0.1;0.05;22;;True;True;True;35;ESTADO;6;2;1;1500000.0;9000000.0;3000000.0;1500000.0;FOMENTO
SÃO PAULO;SÃO PAULO_Edital_de_Fomento_32.pdf;9000000.0;0.25;0.1;0.05;10;;True;True;True;35;ESTADO;2;1;0;900000.0;1800000.0;900000.0;0.0;FOMENTO
SÃO PAULO;SÃO PAULO_Edital_de_Fomento_33.pdf;3750000.0;0.25;0.1;0.05;10;;True;True;True;35;ESTADO;2;1;0;375000.0;750000.0;375000.0;0.0;FOMENTO
SÃO PAULO;SÃO PAULO_Edital_de_Fomento_5.pdf;700000.0;0.25;0.1;0.05;14;;True;True;True;35;ESTADO;4;1;1;50000.0;200000.0;50000.0;50000.0;FOMENTO
SÃO PAULO;SÃO PAULO_Edital_de_Fomento_6.pdf;6600000.0;0.25;0.1;0.05;22;;True;True;True;35;ESTADO;6;2;1;300000.0;1800000.0;600000.0;300000.0;FOMENTO
SÃO PAULO;SÃO PAULO_Edital_de_Fomento_7.pdf;3000000.0;0.25;0.1;0.05;20;;True;True;True;35;ESTADO;5;2;1;150000.0;750000.0;300000.0;150000.0;FOMENTO
SÃO PAULO;SÃO PAULO_Edital_de_Fomento_8.pdf;2000000.0;0.25;0.1;0.05;20;;True;True;True;35;ESTADO;5;2;1;100000.0;500000.0;200000.0;100000.0;FOMENTO
SÃO PAULO;SÃO PAULO_Edital_de_Fomento_9.pdf;6000000.0;0.25;0.1;0.05;60;;True;True;True;35;ESTADO;15;6;3;100000.0;1500000.0;600000.0;300000.0;FOMENTO
SÃO PAULO;SÃO PAULO_Edital_de_Premiação_1.pdf;2000000.0;0.25;0.1;0.05;20;;True;True;True;35;ESTADO;5;2;1;100000.0;500000.0;200000.0;100000.0;PRÊMIO
SÃO PAULO;SÃO PAULO_Edital_de_Premiação_2.pdf;1600000.0;0.25;0.1;0.05;20;;True;True;True;35;ESTADO;5;2;1;80000.0;400000.0;160000.0;80000.0;PRÊMIO
SÃO PAULO;SÃO PAULO_Edital_de_Subsídio_1.pdf;6000000.0;0.25;0.1;0.05;20;;True;True;True;35;ESTADO;5;2;1;300000.0;1500000.0;600000.0;300000.0;SUBSÍDIO
SÃO PAULO;SÃO PAULO_Edital_de_Subsídio_2.pdf;4000000.0;0.25;0.1;0.05;20;;True;True;True;35;ESTADO;5;2;1;200000.0;1000000.0;400000.0;200000.0;SUBSÍDIO
SÃO PAULO;SÃO PAULO_Edital_de_Fomento_1.pdf;3000000.0;0.25;0.1;0.05;30;;True;True;True;35;ESTADO;8;3;2;100000.0;800000.0;300000.0;200000.0;FOMENTO
SÃO PAULO;SÃO PAULO_Edital_de_Subsídio_a_Espaços_Culturais_1.pdf;40000000.0;0.25;0.1;0.05;80;;True;True;True;35;ESTADO;20;8;4;500000.0;10000000.0;4000000.0;2000000.0;SUBSÍDIO
SÃO PAULO;SÃO PAULO_Edital_de_Subsídio_a_Espaços_Culturais_2.pdf;15000000.0;0.25;0.1;0.05;20;;True;True;True;35;ESTADO;5;2;1;750000.0;3750000.0;1500000.0;750000.0;SUBSÍDIO
SÃO PAULO;SÃO PAULO_Edital_de_Subsídio_a_Espaços_Culturais_3.pdf;3000000.0;0.25;0.1;0.05;10;;True;True;True;35;ESTADO;2;1;0;300000.0;600000.0;300000.0;0.0;SUBSÍDIO
SÃO PAULO;SÃO PAULO_Edital_de_Subsídio_a_Espaços_Culturais_4.pdf;12000000.0;0.25;0.1;0.05;40;;True;True;True;35;ESTADO;10;4;2;300000.0;3000000.0;1200000.0;600000.0;SUBSÍDIO
SÃO PAULO;SÃO PAULO_Edital_Premiação_-_Pontos_e_Pontões_PNCV_1.pdf;6300000.0;0.25;0.1;0.05;150;;True;True;True;35;ESTADO;38;15;8;42000.0;1596000.0;630000.0;336000.0;CULTURA VIVA
SÃO PAULO;SÃO PAULO_Edital_TCC_-_Pontos_PNCV_1.pdf;22100000.0;0.25;0.1;0.05;130;;True;True;True;35;ESTADO;32;13;6;170000.0;5440000.0;2210000.0;1020000.0;CULTURA VIVA
SÃO PAULO;SÃO PAULO_Edital_TCC_-_Pontões_PNCV_1.pdf;5200000.0;0.25;0.1;0.05;8;;True;True;True;35;ESTADO;2;1;0;650000.0;1300000.0;650000.0;0.0;CULTURA VIVA
SÃO PAULO (capital);2025-02_SAOPAULO_FOMENTO.pdf.pdf;8000000.0;0.25;0.1;0.05;2;;True;True;True;3550308;CAPITAL;0;0;0;4000000.0;0.0;0.0;0.0;FOMENTO
SÃO PAULO (capital);2025-09_SAOPAULO_FOMENTO.pdf;7000000.0;0.25;0.1;0.05;10;;True;True;True;3550308;CAPITAL;2;1;0;700000.0;1400000.0;700000.0;0.0;FOMENTO
SÃO PAULO (capital);2025-03_SAOPAULO_FOMENTO.pdf;685200.0;0.25;0.1;0.05;23;;True;True;True;3550308;CAPITAL;6;2;1;29791.304347826088;178747.82608695654;59582.608695652176;29791.304347826088;FOMENTO
SÃO PAULO (capital);2025-06_SAOPAULO_FOMENTO.pdf;400000.0;0.25;0.1;0.05;1;;True;True;True;3550308;CAPITAL;0;0;0;400000.0;0.0;0.0;0.0;FOMENTO
SÃO PAULO (capital);2024-36_SAOPAULO_CULTURAVIVA.pdf;24300000.0;0.25;0.1;0.05;510;;True;True;True;3550308;CAPITAL;128;51;26;47647.05882352941;6098823.529411765;2430000.0;1238823.5294117648;CULTURA VIVA
SÃO PAULO (capital);2025-08_SAOPAULO_FOMENTO.pdf;3000000.0;0.25;0.1;0.05;8;;True;True;True;3550308;CAPITAL;2;1;0;375000.0;750000.0;375000.0;0.0;FOMENTO
SÃO PAULO (capital);2025-01_SAOPAULO_FOMENTO.pdf;4000000.0;0.25;0.1;0.05;15;;True;True;True;3550308;CAPITAL;4;2;1;266666.6666666667;1066666.6666666667;533333.3333333334;266666.6666666667;FOMENTO
SÃO PAULO (capital);2025-05_SAOPAULO_FOMENTO.pdf;800000.0;0.25;0.1;0.05;10;;True;True;True;3550308;CAPITAL;2;1;0;80000.0;160000.0;80000.0;0.0;FOMENTO
SÃO PAULO (capital);2025-04_SAOPAULO_FOMENTO.pdf;800000.0;0.25;0.37;0.06;16;;True;True;True;3550308;CAPITAL;4;6;1;50000.0;200000.0;300000.0;50000.0;FOMENTO
SÃO PAULO (capital);2024-22_SAOPAULO_FOMENTO.pdf;2500000.0;0.0;0.0;0.0;15;;False;False;False;3550308;CAPITAL;0;0;0;166666.66666666666;0.0;0.0;0.0;FOMENTO
SÃO PAULO (capital);2024-27_SAOPAULO_FOMENTO.pdf;13700000.0;0.0;0.0;0.0;;;False;False;False;3550308;CAPITAL;;;;;0.0;0.0;0.0;FOMENTO
SERGIPE;SERGIPE_CULTURA VIVA_03.pdf;1500000.0;0.25;0.1;0.05;15;;True;True;True;28;ESTADO;4;2;1;100000.0;400000.0;200000.0;100000.0;CULTURA VIVA
SERGIPE;SERGIPE_CULTURA VIVA_04.pdf;600000.0;0.25;0.1;0.05;2;;True;True;True;28;ESTADO;0;0;0;300000.0;0.0;0.0;0.0;CULTURA VIVA
SERGIPE;SERGIPE_CULTURA VIVA_05.pdf;950000.0;0.25;0.1;0.05;80;;True;True;True;28;ESTADO;20;8;4;11875.0;237500.0;95000.0;47500.0;CULTURA VIVA
SERGIPE;SERGIPE_FOMENTO_02.pdf;400000.0;0.25;0.1;0.05;10;;True;True;True;28;ESTADO;2;1;0;40000.0;80000.0;40000.0;0.0;FOMENTO
SERGIPE;SERGIPE_FOMENTO_06.pdf;3000000.0;0.25;0.1;0.05;21;;True;True;True;28;ESTADO;5;2;1;142857.14285714287;714285.7142857143;285714.28571428574;142857.14285714287;FOMENTO
SERGIPE;SERGIPE_FOMENTO_07.pdf;1040000.0;0.25;0.1;0.05;40;;True;True;True;28;ESTADO;10;4;2;26000.0;260000.0;104000.0;52000.0;FOMENTO
SERGIPE;SERGIPE_FOMENTO_09.pdf;1440000.0;0.25;0.1;0.05;25;;True;True;True;28;ESTADO;6;2;1;57600.0;345600.0;115200.0;57600.0;FOMENTO
SERGIPE;SERGIPE_Subsidio-08_2025.pdf;3120000.0;0.25;0.1;0.05;39;;True;True;True;28;ESTADO;10;4;2;80000.0;800000.0;320000.0;160000.0;SUBSÍDIO
TERESINA;2024-09_TERESINA_CULTURAVIVA.pdf;1000000.0;0.2;0.2;0.2;5;;True;True;True;2211001;CAPITAL;1;1;1;200000.0;200000.0;200000.0;200000.0;CULTURA VIVA
TERESINA;2024-07_TERESINA_FOMENTO.pdf;3500000.0;0.25;0.1;0.05;37;;True;True;True;2211001;CAPITAL;9;4;2;94594.5945945946;851351.3513513514;378378.3783783784;189189.1891891892;FOMENTO
TERESINA;2024-08_TERESINA_PRÊMIO.pdf;353008.73;0.25;0.1;0.05;71;;True;True;True;2211001;CAPITAL;18;7;4;4971.953943661972;89495.1709859155;34803.6776056338;19887.815774647886;PRÊMIO
TERESINA;2024-10_TERESINA_CULTURAVIVA.pdf;600000.0;0.25;0.1;0.05;30;;True;True;True;2211001;CAPITAL;8;3;2;20000.0;160000.0;60000.0;40000.0;CULTURA VIVA
TOCANTINS;2024-34_TOCANTINS_BOLSA.pdf;500000.0;0.25;0.1;0.05;;;True;True;True;17;ESTADO;;;;;125000.0;50000.0;25000.0;BOLSA
TOCANTINS;TOCANTINS_Edital_de_Fomento_1.pdf;4825000.0;0.25;0.1;0.05;86;;True;True;True;17;ESTADO;22;9;4;56104.651162790695;1234302.3255813953;504941.8604651163;224418.60465116278;FOMENTO
TOCANTINS;TOCANTINS_Edital_de_Fomento_2.pdf;2360000.0;0.25;0.1;0.05;77;;True;True;True;17;ESTADO;19;8;4;30649.35064935065;582337.6623376623;245194.8051948052;122597.4025974026;FOMENTO
TOCANTINS;TOCANTINS_Edital_de_Fomento_3.pdf;2360000.0;0.25;0.1;0.05;77;;True;True;True;17;ESTADO;19;8;4;30649.35064935065;582337.6623376623;245194.8051948052;122597.4025974026;FOMENTO
TOCANTINS;TOCANTINS_Edital_de_Fomento_4.pdf;2360000.0;0.25;0.1;0.05;77;;True;True;True;17;ESTADO;19;8;4;30649.35064935065;582337.6623376623;245194.8051948052;122597.4025974026;FOMENTO
TOCANTINS;TOCANTINS_Edital_de_Fomento_5.pdf;3570000.0;0.25;0.1;0.05;22;;True;True;True;17;ESTADO;6;2;1;162272.72727272726;973636.3636363635;324545.45454545453;162272.72727272726;FOMENTO
TOCANTINS;TOCATINS_FOMENTO_33.pdf;1125000.0;0.25;0.0;0.05;70;;True;True;True;17;ESTADO;18;0;4;16071.42857142857;289285.71428571426;0.0;64285.71428571428;FOMENTO
TOCANTINS;2024-31_TOCANTINS_BOLSA.pdf;600000.0;0.0;1.0;0.05;40;INDÍGENA;True;True;True;17;ESTADO;0;40;2;15000.0;0.0;600000.0;30000.0;BOLSA
TOCANTINS;2024-32_TOCANTINS_BOLSA.pdf;600000.0;0.0;0.0;0.05;40;;True;True;True;17;ESTADO;0;0;2;15000.0;0.0;0.0;30000.0;BOLSA
TOCANTINS;TOCANTINS_Edital_de_Subsídio_a_Espaços_Culturais_1.pdf;4000000.0;0.25;0.1;0.05;50;;True;True;True;17;ESTADO;12;5;2;80000.0;960000.0;400000.0;160000.0;SUBSÍDIO
TOCANTINS;TOCANTINS_Edital_Premiação_-_Pontos_e_Pontões_PNCV_1.pdf;1230000.0;0.25;0.1;0.05;35;;True;True;True;17;ESTADO;9;4;2;35142.857142857145;316285.7142857143;140571.42857142858;70285.71428571429;CULTURA VIVA
TOCANTINS;TOCANTINS_Edital_TCC_-_Pontos_PNCV_1.pdf;780000.0;0.25;0.1;0.05;6;;True;True;True;17;ESTADO;2;1;0;130000.0;260000.0;130000.0;0.0;CULTURA VIVA
TOCANTINS;TOCANTINS_Edital_TCC_-_Pontões_PNCV_1.pdf;360000.0;0.0;0.0;0.0;1;;True;True;True;17;ESTADO;0;0;0;360000.0;0.0;0.0;0.0;CULTURA VIVA
VITÓRIA;2024-04_VITÓRIA_FOMENTO.pdf;600000.0;0.25;0.1;0.05;50;;True;True;True;3205309;CAPITAL;12;5;2;12000.0;144000.0;60000.0;24000.0;FOMENTO
VITÓRIA;2024-02_VITÓRIA_CULTURAVIVA.pdf;610558.7;0.25;0.1;0.05;21;;True;True;True;3205309;CAPITAL;5;2;1;29074.223809523806;145371.11904761902;58148.44761904761;29074.223809523806;CULTURA VIVA
VITÓRIA;2024-06_VITÓRIA_FOMENTO.pdf;200000.0;0.25;0.1;0.05;6;;True;True;True;3205309;CAPITAL;2;1;0;33333.333333333336;66666.66666666667;33333.333333333336;0.0;FOMENTO
VITÓRIA;2024-05_VITÓRIA_SUBSÍDIO.pdf;210000.0;0.25;0.1;0.05;18;;True;True;True;3205309;CAPITAL;4;2;1;11666.666666666666;46666.666666666664;23333.333333333332;11666.666666666666;SUBSÍDIO
VITÓRIA;2024-07_VITÓRIA_FOMENTO.pdf;420000.0;0.25;0.1;0.0;7;;True;True;True;3205309;CAPITAL;2;1;0;60000.0;120000.0;60000.0;0.0;FOMENTO
VITÓRIA;2024-03_VITÓRIA_FOMENTO.pdf;300000.0;0.0;0.0;0.0;4;;False;False;False;3205309;CAPITAL;0;0;0;75000.0;0.0;0.0;0.0;FOMENTO
